TimeStamps,AnkleAccelerometer,,,AnkleAngularVelocity,,,AnkleLuminosity,RightPocketAccelerometer,,,RightPocketAngularVelocity,,,RightPocketLuminosity,BeltAccelerometer,,,BeltAngularVelocity,,,BeltLuminosity,NeckAccelerometer,,,NeckAngularVelocity,,,NeckLuminosity,WristAccelerometer,,,WristAngularVelocity,,,WristLuminosity,BrainSensor,Infrared1,Infrared2,Infrared3,Infrared4,Infrared5,Infrared6,Subject,Activity,Trial
,x-axis (g),y-axis (g),z-axis (g),x-axis (deg/s),y-axis (deg/s),z-axis (deg/s),illuminance (lx),x-axis (g),y-axis (g),z-axis (g),x-axis (deg/s),y-axis (deg/s),z-axis (deg/s),illuminance (lx),x-axis (g),y-axis (g),z-axis (g),x-axis (deg/s),y-axis (deg/s),z-axis (deg/s),illuminance (lx),x-axis (g),y-axis (g),z-axis (g),x-axis (deg/s),y-axis (deg/s),z-axis (deg/s),illuminance (lx),x-axis (g),y-axis (g),z-axis (g),x-axis (deg/s),y-axis (deg/s),z-axis (deg/s),illuminance (lx),,,,,,,
2018-07-11T13:44:25.049816,-1.026,0.116,-0.109,1.463,2.805,2.317,1121.902,0.347,-0.919,0.209,-1.524,6.585,-1.28,0,-0.285,-1.004,-0.019,0,5.366,-0.671,4.859,0.826,0.154,-0.558,-1.402,-3.841,10.122,303.777,-0.936,0.008,0.595,12.195,-5.915,-28.963,385.293,,1,1,1,1,1,1,2,5,3,7
2018-07-11T13:44:25.088419,-1.026,0.116,-0.109,1.463,2.805,2.317,1121.902,0.347,-0.919,0.209,-1.524,6.585,-1.28,0,-0.285,-1.004,-0.019,0,5.366,-0.671,4.859,0.826,0.154,-0.558,-1.402,-3.841,10.122,303.777,-0.936,0.008,0.595,12.195,-5.915,-28.963,385.293,,1,1,1,1,1,1,2,5,3,7
2018-07-11T13:44:25.180164,-1.021,0.147,-0.105,2.805,-0.366,4.268,1121.902,0.375,-0.918,0.23,-3.476,-0.61,-1.768,0,-0.263,-1.02,-0.018,-0.732,3.415,-2.561,4.859,0.836,0.158,-0.556,-3.72,11.585,3.293,303.777,-0.921,-0.121,0.5,-20.122,-17.5,-3.171,385.293,,1,1,1,1,1,1,2,5,3,7
2018-07-11T13:44:25.305499,-1.023,0.138,-0.105,-1.524,-1.951,-2.073,1121.902,0.361,-0.917,0.208,5.427,-0.366,-1.646,0,-0.271,-1.021,-0.028,2.805,0.244,2.195,4.859,0.849,0.156,-0.508,-9.512,12.744,-1.89,303.777,-0.935,-0.209,0.43,-8.293,-17.5,12.195,385.293,,1,1,1,1,1,1,2,5,3,7
2018-07-11T13:44:25.434845,-1.032,0.143,-0.087,-2.744,-6.707,-1.098,1121.902,0.397,-0.917,0.178,9.085,0.183,-3.049,0,-0.195,-0.994,-0.064,-0.854,10.549,-0.671,4.859,0.875,0.168,-0.42,-7.683,12.5,-5.244,303.777,-0.936,-0.247,0.39,-18.293,-10.61,4.451,385.293,,1,1,1,1,1,1,2,5,3,7
2018-07-11T13:44:25.526088,-1.065,0.192,-0.048,-8.78,3.841,-27.744,1121.902,0.522,-0.895,0.146,22.195,8.476,-8.049,0,-0.079,-1.006,-0.041,-10.366,34.024,-14.024,4.859,0.827,0.252,-0.365,-7.805,4.085,-2.988,303.777,-0.87,-0.296,0.374,-3.354,17.988,1.524,385.293,,1,1,1,1,1,1,2,5,3,7
2018-07-11T13:44:25.573214,-1.098,-0.15,-0.134,-19.939,14.878,-39.024,1121.902,0.516,-0.86,0.361,60.61,-0.305,-0.488,0,-0.205,-1.086,0.115,-10.244,46.768,-13.171,4.859,0.827,0.252,-0.365,-14.39,7.561,-4.329,303.777,-0.87,-0.296,0.374,24.329,24.024,6.585,385.293,,1,1,1,1,1,1,2,5,3,7
2018-07-11T13:44:25.641898,-0.834,-0.063,-0.114,13.902,20.61,-51.037,1121.902,0.338,-0.741,0.787,69.268,-43.78,27.988,0,-0.358,-1.086,0.131,6.463,-0.793,-1.159,4.859,0.855,0.513,-0.439,14.878,38.72,-8.78,303.777,-1.072,-0.289,0.465,65.183,24.085,22.683,385.293,,1,1,1,1,1,1,2,5,3,7
2018-07-11T13:44:25.777761,-1,0.112,-0.125,16.341,-4.146,36.524,1121.902,0.584,-1.039,0.217,-68.72,-35.244,5.854,0,-0.122,-0.96,0.053,1.829,-27.195,18.72,4.859,0.912,0.245,-0.36,68.476,41.341,19.817,303.777,-0.991,-0.127,0.416,-79.573,-26.28,43.72,385.293,,1,1,1,1,1,1,2,5,3,7
2018-07-11T13:44:25.890562,-0.993,0.042,-0.15,7.256,6.402,3.598,1121.902,0.362,-0.904,0.246,10.61,14.634,-7.5,0,-0.269,-0.932,-0.109,13.171,1.159,-0.305,4.859,0.918,0.087,-0.295,42.439,-9.146,12.988,303.777,-0.854,-0.343,0.474,-55.732,-8.415,-13.537,385.293,,1,1,1,1,1,1,2,5,3,7
2018-07-11T13:44:26.010382,-1.032,0.02,-0.136,-10.183,2.134,4.207,1068.457,0.417,-0.919,0.208,-5.671,-18.476,20.61,0,-0.301,-1.039,-0.077,2.927,-24.939,3.415,4.859,0.936,0.041,-0.386,25,-23.78,10.915,303.777,-0.913,-0.078,0.603,18.963,-11.646,-10.244,367.551,,1,1,1,1,1,1,2,5,3,7
2018-07-11T13:44:26.073050,-1.035,0.033,-0.132,-6.463,0.244,7.317,1068.457,0.417,-0.919,0.208,7.256,-16.829,3.537,0,-0.208,-1.015,-0.038,-1.524,-15.305,1.28,4.859,0.904,0.019,-0.391,20.244,-15.549,1.768,303.777,-0.913,-0.078,0.603,1.22,-13.902,-7.683,367.551,,1,1,1,1,1,1,2,5,3,7
2018-07-11T13:44:26.137722,-1.026,0.054,-0.126,-2.561,-0.244,5.305,1068.457,0.418,-0.895,0.197,8.902,-12.134,2.134,0,-0.233,-0.989,-0.016,3.293,-11.89,0.244,4.859,0.901,0.002,-0.409,20.122,-17.256,-0.183,303.777,-0.897,-0.088,0.56,-9.329,-17.439,-14.085,367.551,,1,1,1,1,1,1,2,5,3,7
2018-07-11T13:44:26.199387,-1.026,0.054,-0.126,-4.451,0.183,5.427,1068.457,0.363,-0.917,0.208,1.768,7.012,0.183,0,-0.257,-1.021,-0.014,-9.024,-6.768,-4.329,4.859,0.901,0.002,-0.409,18.171,-17.866,-2.195,303.777,-0.886,-0.106,0.527,-12.073,-15.915,-12.439,367.551,,1,1,1,1,1,1,2,5,3,7
2018-07-11T13:44:26.281105,-1.028,0.061,-0.126,-6.037,0.122,7.744,1068.457,0.386,-0.919,0.238,11.829,-18.537,-1.098,0,-0.211,-1.017,-0.043,-5.366,-7.866,-0.732,4.859,0.907,0.008,-0.41,16.524,-20,-4.817,303.777,-0.836,-0.111,0.478,-17.439,-8.293,-1.037,367.551,,1,1,1,1,1,1,2,5,3,7
2018-07-11T13:44:26.406942,-1.022,0.103,-0.123,-5,2.805,4.268,1068.457,0.396,-0.908,0.265,28.354,-16.28,-9.451,0,-0.197,-0.987,-0.045,-11.037,-1.22,-4.634,4.859,0.81,0.04,-0.5,10.915,-42.561,-8.354,303.777,-0.851,-0.162,0.429,-18.537,20.244,30.061,367.551,,1,1,1,1,1,1,2,5,3,7
2018-07-11T13:44:26.609483,-1.019,0.098,-0.135,-16.585,5.366,-5,1068.457,0.383,-0.868,0.277,50.854,-9.939,-4.756,0,-0.137,-0.885,-0.105,-22.5,-0.61,-18.72,4.859,0.564,0.07,-0.661,9.329,-57.073,-9.512,303.777,-0.879,-0.121,0.475,102.256,23.11,13.11,367.551,,1,1,1,1,1,1,2,5,3,5
2018-07-11T13:44:26.654102,-1.019,0.098,-0.135,-6.341,7.5,-10,1068.457,0.425,-0.767,0.361,69.756,-11.646,-0.183,0,-0.137,-0.885,-0.105,-32.744,11.524,-24.817,4.859,0.564,0.07,-0.661,7.317,-65,-2.744,303.777,-0.884,0.087,0.524,33.598,17.561,7.134,367.551,,1,1,1,1,1,1,2,5,3,5
2018-07-11T13:44:26.703735,-1.021,0.088,-0.142,-0.915,8.049,-15.732,1068.457,0.425,-0.767,0.361,86.463,-15,3.72,0,-0.134,-1.013,-0.111,-30.427,16.037,-17.256,4.859,0.518,0.092,-0.73,-4.146,-69.756,-8.72,303.777,-0.884,0.087,0.524,-13.415,12.744,7.805,367.551,,1,1,1,1,1,1,2,5,3,5
2018-07-11T13:44:26.746850,-1.021,0.088,-0.142,-17.195,8.963,-15.549,1068.457,0.462,-0.721,0.607,74.695,-1.768,-9.39,0,-0.134,-1.013,-0.111,-16.159,7.073,-6.951,4.859,0.518,0.092,-0.73,-5.183,-54.756,-12.805,303.777,-0.848,-0.026,0.505,-18.232,10.366,14.939,367.551,,1,1,1,1,1,1,2,5,3,5
2018-07-11T13:44:26.834584,-1.025,0.019,-0.155,-7.988,7.256,-14.634,1068.457,0.305,-0.742,0.502,69.024,11.037,3.293,0,-0.092,-0.991,-0.17,-19.207,-9.756,-15.488,4.859,0.441,0.094,-0.842,-12.927,-87.744,-26.89,303.777,-0.855,-0.095,0.466,-8.963,4.146,16.646,367.551,,1,1,1,1,1,1,2,5,3,5
2018-07-11T13:44:26.903769,-1.028,0.034,-0.165,-4.39,5.61,-5.549,1068.457,0.497,-0.624,0.738,80.427,19.39,-16.951,0,-0.092,-0.991,-0.17,-26.646,-6.463,-1.829,4.859,0.411,0.106,-0.98,-11.159,-63.415,-30.61,303.777,-0.928,-0.049,0.458,17.744,2.012,20.366,367.551,,1,1,1,1,1,1,2,5,3,5
2018-07-11T13:44:26.963428,-1.022,0.04,-0.185,-18.841,5.366,-11.768,1068.457,0.352,-0.626,0.754,36.037,36.341,11.585,0,-0.11,-1.028,-0.159,-9.451,-6.402,-4.878,4.859,0.287,0.178,-1.054,-9.207,-35.793,-30.488,303.777,-0.928,-0.049,0.458,25.793,-5.183,15.061,367.551,,1,1,1,1,1,1,2,5,3,5
2018-07-11T13:44:27.011056,-1.021,-0.003,-0.152,-3.11,-0.488,-12.988,1068.457,0.352,-0.626,0.754,29.085,11.89,20.427,0,-0.082,-0.979,-0.141,-4.268,-10.061,-1.951,2.323,0.25,0.09,-1.133,37.683,-33.72,-11.646,303.777,-1.011,-0.022,0.459,21.829,-15,8.72,367.551,,1,1,1,1,1,1,2,5,3,5
2018-07-11T13:44:27.060187,-1.021,-0.003,-0.152,1.89,1.951,-14.085,1068.457,0.402,-0.548,0.714,45.671,-2.073,13.049,0,-0.082,-0.979,-0.141,6.402,-4.024,-0.976,2.323,0.25,0.09,-1.133,-7.561,6.646,-15,303.777,-1.041,-0.031,0.47,15.793,-25.305,-1.951,367.551,,1,1,1,1,1,1,2,5,3,5
2018-07-11T13:44:27.104806,-1.024,-0.018,-0.164,-0.244,5.854,-14.878,1068.457,0.402,-0.548,0.714,71.646,-23.841,0.793,0,-0.087,-0.989,-0.168,23.841,-3.171,6.341,2.323,0.212,0.178,-1.154,-28.171,12.439,-15.427,303.777,-1.041,-0.031,0.47,43.963,-31.037,-12.256,367.551,,1,1,1,1,1,1,2,5,3,5
2018-07-11T13:44:27.159954,-1.024,-0.018,-0.164,-4.329,5.793,-14.756,1068.457,0.371,-0.522,0.745,89.695,15.061,-4.878,0,-0.141,-0.964,-0.241,45.854,-2.683,19.085,2.323,0.212,0.178,-1.154,0.122,24.39,-23.659,303.777,-1.042,0.014,0.565,47.866,-32.439,-21.22,367.551,,1,1,1,1,1,1,2,5,3,5
2018-07-11T13:44:27.219613,-1.015,-0.053,-0.189,-6.098,9.512,0.305,1068.457,0.34,-0.511,0.795,78.354,20.122,-12.378,0,-0.141,-0.964,-0.241,47.988,-13.11,20.366,2.323,0.215,0.144,-1.117,0.366,24.329,-33.72,303.777,-0.982,0.096,0.721,60.122,-54.451,-21.829,367.551,,1,1,1,1,1,1,2,5,3,5
2018-07-11T13:44:27.281779,-1.026,-0.064,-0.207,-6.951,5.793,12.378,1068.457,0.421,-0.524,0.844,84.451,15.976,-18.902,0,-0.086,-0.984,-0.23,46.22,-17.561,22.012,2.323,0.219,0.149,-1.043,-23.598,13.963,-27.195,303.777,-0.982,0.096,0.721,77.134,-65.549,-15.366,367.551,,1,1,1,1,1,1,2,5,3,5
2018-07-11T13:44:27.324894,-1.026,-0.064,-0.207,-9.085,0,23.841,1068.457,0.421,-0.524,0.844,82.683,12.073,-4.756,0,-0.092,-0.9,-0.231,50.793,-21.524,19.451,2.323,0.253,0.164,-0.814,-46.341,44.024,-62.195,303.777,-0.949,0.217,1.039,71.341,-83.232,-5.244,367.551,,1,1,1,1,1,1,2,5,3,5
2018-07-11T13:44:27.400596,-1.026,-0.033,-0.167,-10.732,1.037,48.78,1068.457,0.366,-0.42,0.712,93.963,-7.744,-13.415,0,-0.109,-0.642,-0.162,34.878,-44.756,26.585,2.323,0.253,0.164,-0.814,-42.134,72.256,-50.854,303.777,-1.136,0.391,1.245,122.378,-138.293,19.268,367.551,,1,1,1,1,1,1,2,5,3,5
2018-07-11T13:44:27.513899,-0.998,0.138,-0.167,-30.061,-4.451,88.78,1068.457,0.266,-0.012,0.64,110.488,5.61,-33.902,0,-0.133,-0.671,-0.008,37.134,-35.427,21.28,2.323,0.056,0.348,-0.778,-24.024,39.024,33.415,303.777,-1.521,0.577,1.122,113.354,-216.768,112.073,367.551,,1,1,1,1,1,1,2,5,3,5
2018-07-11T13:44:27.571553,-0.998,0.138,-0.167,-20.854,-7.073,102.256,1068.457,0.266,-0.012,0.64,128.354,13.963,-48.841,0,-0.28,-0.72,0.327,73.78,-19.573,11.098,2.323,0.137,0.271,-1.278,-61.951,-17.988,24.695,303.777,-2.002,0.452,0.706,-70.854,-241.707,119.085,367.551,,1,1,1,1,1,1,2,5,3,5
2018-07-11T13:44:27.639736,-0.937,0.421,-0.214,-43.293,-3.841,109.634,1068.457,0.076,0.446,0.81,144.878,15.793,-60.366,0,-0.536,-0.937,0.569,124.939,-19.329,-20.366,2.323,0.137,0.271,-1.278,-53.171,72.622,17.317,303.777,-2.059,-0.078,-0.357,-173.293,-263.293,66.951,367.551,,1,1,1,1,1,1,2,5,3,5
2018-07-11T13:44:27.696888,-0.959,0.833,-0.209,-140.976,-24.329,104.268,1068.457,0.072,0.488,0.962,127.378,-21.585,-52.988,0,-0.536,-0.937,0.569,92.622,-11.829,-34.146,2.323,-0.15,0.172,-1.271,21.524,82.439,98.537,303.777,-1.105,-0.091,-1.082,-207.927,-311.646,-18.902,367.551,,1,1,1,1,1,1,2,5,3,5
2018-07-11T13:44:27.749027,-1.419,0.978,-0.148,-132.805,-89.146,164.39,1068.457,0.379,0.615,1.129,163.781,22.988,-34.146,0,-0.253,-1.071,0.479,208.903,-16.341,40.244,2.323,0.292,0.256,-0.216,-49.39,-92.439,4.878,303.777,-1.105,-0.091,-1.082,-244.756,-336.951,-41.585,367.551,,1,1,1,1,1,1,2,5,3,5
2018-07-11T13:44:27.856314,-2.469,1.432,-0.208,98.72,93.415,48.415,1068.457,0.837,2.859,2.279,26.037,-21.646,-134.024,0,-0.851,-2.132,2.564,207.683,-36.098,114.878,2.323,2.64,1.133,-0.01,-126.463,58.598,61.28,303.777,2.593,0.482,-0.025,-207.134,-208.659,82.866,367.551,,1,1,1,1,1,1,2,5,3,5
2018-07-11T13:44:27.899930,-1.154,1.337,-0.175,-58.841,15.854,-2.744,1068.457,0.837,2.859,2.279,106.829,54.939,-147.988,0,-0.435,-0.647,0.939,247.317,-57.988,42.561,2.323,0.116,0.286,0.794,-28.963,336.768,127.866,303.777,2.593,0.482,-0.025,49.451,-125.854,14.268,367.551,,1,1,1,1,1,1,2,5,3,5
2018-07-11T13:44:27.959089,-1.154,1.337,-0.175,-125.366,-69.878,51.22,1068.457,0.068,0.198,1.007,220.915,79.695,-59.756,0,-0.007,-0.319,0.196,210.122,-100.793,23.232,2.323,-0.247,0.077,0.752,-39.451,183.232,-25.732,303.777,0.923,0.361,-1.238,197.256,-84.817,-40.671,367.551,,1,1,1,1,1,1,2,5,3,5
2018-07-11T13:44:28.025767,-0.3,0.847,-0.15,-81.28,-108.354,238.171,1630.754,0.143,0.083,0.294,262.988,112.5,-67.866,0,-0.007,-0.319,0.196,281.646,-112.134,38.659,2.323,-0.247,0.077,0.752,-51.646,174.39,-16.524,303.777,0.841,0.17,-2.225,6.829,-475.488,-83.049,400.931,,0,1,0,1,1,1,2,5,3,5
2018-07-11T13:44:28.087933,-0.749,0.336,-0.087,-99.512,-99.512,291.524,1630.754,-0.147,0.245,-0.322,193.293,116.098,-53.049,0,-0.022,0.301,0.478,236.281,-60.122,12.012,2.323,0.762,0.503,1.448,-263.171,195.915,53.841,303.777,0.841,0.17,-2.225,-60.61,-347.378,-76.89,400.931,,0,1,0,1,1,1,2,5,3,5
2018-07-11T13:44:28.134056,-0.192,-0.352,-0.18,-133.537,-76.951,290.122,1630.754,-0.147,0.245,-0.322,160.183,213.11,-61.159,0,0.26,1.23,0.851,187.134,-49.024,18.841,2.323,0.466,-0.488,1.813,-341.829,183.476,82.683,303.777,0.146,0.314,-0.911,-39.634,-28.476,-235.549,400.931,,0,1,0,1,1,1,2,5,3,5
2018-07-11T13:44:28.184190,-0.192,-0.352,-0.18,-83.841,-63.537,263.049,1630.754,-0.45,0.865,-1.186,238.72,-38.537,-24.024,0,0.26,1.23,0.851,119.207,22.073,2.744,2.323,0.466,-0.488,1.813,-199.878,82.683,128.11,303.777,-0.002,0.747,-0.536,30.122,-27.073,-244.146,400.931,,0,1,0,1,1,1,2,5,3,5
2018-07-11T13:44:28.228809,0.825,-0.619,0.235,21.646,-23.415,221.098,1630.754,-0.593,0.994,-0.854,148.659,-45.793,-38.78,0,-0.052,0.979,0.824,99.512,23.841,57.927,2.323,0.013,-0.63,1.414,-70.488,-88.232,126.707,303.777,-0.002,0.747,-0.536,-30,77.744,-135.61,400.931,,0,1,0,1,1,1,2,5,3,5
2018-07-11T13:44:28.349632,0.817,-0.548,0.518,-49.024,44.634,67.622,1630.754,-0.379,0.365,-0.664,109.756,9.939,-67.988,0,0.153,0.651,0.521,95.61,12.439,43.72,2.323,0.319,-0.097,0.569,163.963,-22.5,-61.524,303.777,-0.167,0.657,-0.479,-4.756,61.22,18.171,400.931,,0,1,0,1,1,1,2,5,3,5
2018-07-11T13:44:28.451905,0.861,-0.434,0.576,-27.622,31.341,4.634,1630.754,-0.268,0.262,-0.697,117.317,42.317,-41.707,0,0.036,0.744,0.326,72.5,-7.927,39.207,2.323,0.562,-0.586,0.889,14.695,4.085,15.244,303.777,0.107,0.754,-0.699,97.988,26.89,-50.305,400.931,,0,1,0,1,1,1,2,5,3,5
2018-07-11T13:44:28.650937,1.023,-0.044,0.545,-28.232,25.793,-46.402,1630.754,-0.317,0.043,-0.931,5.366,-9.512,-19.085,0,0.297,0.843,0.399,8.537,26.037,-4.329,2.323,0.505,-0.173,0.833,-14.085,42.927,-32.744,303.777,0.524,0.608,-0.866,-32.561,3.537,22.5,400.931,,0,1,0,1,1,1,2,5,3,5
2018-07-11T13:44:28.696559,1.023,-0.044,0.545,-0.366,43.476,-56.037,1630.754,-0.424,0.089,-0.962,-24.512,-11.28,-4.024,0,0.212,0.932,0.439,-21.524,15.366,-8.598,2.323,0.588,-0.176,0.92,-20.976,34.207,-18.354,303.777,0.559,0.558,-0.754,-31.829,2.683,18.293,400.931,,0,1,0,1,1,1,2,5,3,5
2018-07-11T13:44:28.746191,0.75,-0.083,0.756,64.207,55.122,-107.134,1630.754,-0.424,0.089,-0.962,-47.561,-6.22,14.939,0,0.212,0.932,0.439,-53.963,9.207,-11.585,2.323,0.588,-0.176,0.92,-28.232,32.988,-1.159,303.777,0.331,0.563,-0.554,-51.463,18.354,7.195,400.931,,0,1,0,1,1,1,2,5,3,5
2018-07-11T13:44:28.801840,0.474,0.117,0.7,63.72,64.268,-135.183,1630.754,-0.372,0.172,-0.853,-69.695,-3.72,21.524,0,0.16,0.797,0.518,-86.402,16.524,-15.366,2.323,0.42,-0.198,0.838,-55.366,37.622,18.841,303.777,0.331,0.563,-0.554,-58.537,24.024,9.512,400.931,,0,1,0,1,1,1,2,5,3,5
2018-07-11T13:44:28.869521,0.084,0.258,0.541,70.488,96.524,-191.707,1630.754,-0.401,0.348,-0.816,-106.524,2.439,15,0,0.063,0.696,0.68,-102.134,27.5,-6.707,2.323,0.35,-0.344,0.756,-47.5,48.78,7.5,303.777,0.292,0.62,-0.459,-51.28,35.427,14.024,400.931,,0,1,0,1,1,1,2,5,3,5
2018-07-11T13:44:28.920657,0.084,0.258,0.541,97.012,109.39,-217.195,1630.754,-0.401,0.348,-0.816,-125.122,6.28,4.512,0,0.045,0.725,0.84,-96.28,27.317,-0.427,2.323,0.326,-0.431,0.777,-25.244,0.793,22.805,303.777,0.53,0.727,-0.515,-55.732,36.402,12.073,400.931,,0,1,0,1,1,1,2,5,3,5
2018-07-11T13:44:29.003880,-0.315,0.471,0.34,151.829,132.683,-265.671,1630.754,-0.431,0.492,-0.882,-210.854,-34.329,-21.098,0,0.081,0.629,0.955,-123.171,45.549,-34.878,0,0.346,-0.389,0.803,-1.646,-6.402,2.439,50.9,0.853,0.726,-0.577,-74.024,52.439,-24.207,400.931,,0,1,0,1,1,1,2,5,3,5
2018-07-11T13:44:29.059528,-0.639,0.749,0.089,193.537,139.878,-270.915,1630.754,-0.429,0.7,-0.689,-303.902,-131.524,25.732,0,0.081,0.629,0.955,-180.488,71.524,-67.439,0,0.346,-0.389,0.803,13.902,-7.561,-20.61,50.9,0.536,0.727,-0.188,1.22,84.207,-72.866,400.931,,0,1,0,1,1,1,2,5,3,5
2018-07-11T13:44:29.131721,-0.667,0.285,-0.411,280.61,80.671,-256.281,1630.754,-0.527,1.074,-0.064,-449.878,-200.732,89.939,0,-0.191,0.086,1.19,-137.927,93.415,-89.573,0,0.398,-0.261,0.861,31.463,4.024,-21.585,50.9,0.536,0.727,-0.188,15.061,52.012,-90.061,400.931,,0,1,0,1,1,1,2,5,3,5
2018-07-11T13:44:29.189375,-2.729,-0.405,-2.196,25.854,145.122,-243.049,1630.754,-0.749,0.958,0.364,-410.061,-187.988,138.781,0,-0.525,0.156,1.331,103.781,-18.963,44.329,0,0.099,-0.253,0.92,26.707,10.732,-26.098,50.9,0.222,0.757,-0.099,10.427,25.671,-44.878,400.931,,0,1,0,1,1,1,2,5,3,5
2018-07-11T13:44:29.244022,-2.729,-0.405,-2.196,-177.988,208.72,-166.402,1630.754,1.307,-0.178,1.178,-18.354,-191.524,-108.232,0,0.163,0.612,0.501,48.72,2.195,27.744,0,0.196,-0.308,0.939,66.585,-27.256,-15.488,50.9,0.12,0.782,-0.129,25.122,-3.841,-40,400.931,,0,1,0,1,1,1,2,5,3,5
2018-07-11T13:44:29.359830,0.118,0.545,0.017,52.195,-45.183,121.646,1630.754,-0.175,0.374,0.922,73.354,201.829,-155.549,0,-0.456,-0.952,0.607,132.927,12.378,28.659,0,0.743,-0.06,0.636,-3.049,-28.841,31.463,50.9,0.239,0.865,-0.251,-29.512,-32.5,-18.415,400.931,,0,1,0,1,1,1,2,5,3,5
2018-07-11T13:44:29.435032,-0.341,0.128,-0.586,-43.11,-40.061,66.159,1630.754,-0.686,0.57,0.225,72.866,47.5,13.415,0,-0.45,-0.058,0.777,40.244,-14.939,-6.098,0,0.873,-0.155,0.68,-15.427,-8.11,-2.317,50.9,0.37,0.854,-0.02,-30.244,-1.159,-0.976,400.931,,0,1,0,1,1,1,2,5,3,5
2018-07-11T13:44:29.493688,-0.341,0.128,-0.586,-23.598,-7.683,25.671,1630.754,-0.42,1.039,0.6,-32.378,32.134,38.354,0,-0.457,0.375,1.276,16.28,1.89,-11.341,0,0.68,-0.216,0.843,13.476,19.817,2.622,50.9,0.327,1.171,0.138,-37.5,12.317,-15.915,400.931,,0,1,0,1,1,1,2,5,3,5
2018-07-11T13:44:29.540815,-1.157,0.6,-0.643,11.402,35.549,8.598,1630.754,-0.42,1.039,0.6,-25.305,10.488,-19.634,0,-0.457,0.375,1.276,-47.988,36.098,-23.841,0,0.68,-0.216,0.843,13.232,27.012,-0.549,50.9,0.327,1.171,0.138,-55.244,27.012,-14.573,400.931,,0,1,0,1,1,1,2,5,3,5
2018-07-11T13:44:29.589444,-1.069,0.583,-0.459,-34.451,62.134,63.72,1630.754,-0.756,0.905,0.813,-41.463,11.768,-59.024,0,-0.761,-0.009,1.175,55.549,14.939,31.646,0,0.233,-0.19,0.688,23.72,22.317,-7.012,50.9,0.303,1.042,0.177,17.134,18.476,-8.598,400.931,,0,1,0,1,1,1,2,5,3,5
2018-07-11T13:44:29.669157,-0.36,0.503,-0.386,21.951,28.415,62.134,1630.754,-0.583,0.608,0.496,-16.646,-0.793,-92.012,0,-0.354,0.333,0.851,38.293,3.963,4.146,0,0.339,-0.205,0.895,1.585,55.183,5.427,50.9,0.111,0.881,-0.016,57.988,-4.634,-9.573,400.931,,0,1,0,1,1,1,2,5,3,5
2018-07-11T13:44:29.758396,-0.275,0.742,-0.619,12.744,6.28,13.476,1630.754,-0.584,0.421,0.312,-12.317,-19.146,-0.427,0,-0.295,0.339,0.645,-19.39,-11.037,-17.256,0,0.286,-0.25,1.104,3.293,22.134,52.561,50.9,0.08,0.842,-0.261,25.671,-20.854,-16.22,400.931,,0,1,0,1,1,1,2,5,3,11
2018-07-11T13:44:29.862674,-0.693,0.717,-0.599,-24.268,36.768,3.232,1630.754,-0.742,0.595,0.482,-27.195,-9.024,-13.902,0,-0.506,0.292,0.964,-14.939,3.537,0,0,0.094,-0.235,0.813,-32.683,-15.488,-1.829,50.9,0.188,0.856,-0.344,13.72,-4.512,-26.402,400.931,,0,1,0,1,1,1,2,5,3,11
2018-07-11T13:44:29.953918,-0.691,0.521,-0.532,9.695,30.488,24.512,1630.754,-0.617,0.514,0.776,-26.951,-2.805,-40.488,0,-0.44,0.059,0.944,-13.171,5.976,-3.902,0,0.408,-0.271,0.981,-13.171,8.171,17.439,50.9,0.07,0.926,-0.22,3.049,3.049,-43.232,400.931,,0,1,0,1,1,1,2,5,3,11
2018-07-11T13:44:29.993524,-0.453,0.604,-0.624,18.78,23.659,19.329,1630.754,-0.617,0.514,0.776,-26.098,-19.573,-29.085,0,-0.44,0.059,0.944,-7.561,-5.122,-5.854,0,0.408,-0.271,0.981,-1.707,2.988,13.293,50.9,0.07,0.926,-0.22,-69.451,5.732,-39.817,400.931,,0,1,0,1,1,1,2,5,3,11
2018-07-11T13:44:30.042655,-0.453,0.604,-0.624,10.427,21.463,15.671,487.239,-0.576,0.375,0.664,-22.866,-18.049,-21.951,0,-0.419,0.083,0.847,0.183,-8.049,-4.817,0,0.281,-0.235,0.883,5.305,-7.744,3.78,50.9,0.025,0.91,-0.152,-65.793,4.756,-39.024,379.538,,0,1,0,1,0,0,2,5,3,11
2018-07-11T13:44:30.093792,-0.398,0.684,-0.683,2.683,21.89,17.927,487.239,-0.576,0.375,0.664,-22.805,-13.659,-19.329,0,-0.419,0.083,0.847,8.171,-5.061,1.463,0,0.281,-0.235,0.883,1.89,-12.134,5,50.9,0.025,0.91,-0.152,18.659,3.78,-41.098,379.538,,0,1,0,1,0,0,2,5,3,11
2018-07-11T13:44:30.244194,-0.374,0.675,-0.628,3.598,17.927,21.463,487.239,-0.734,0.388,0.732,-22.866,2.256,-21.768,0,-0.457,0.212,0.989,5.061,0.488,0.854,0,0.307,-0.344,0.911,-0.854,-10.183,6.098,50.9,-0.067,1.012,-0.176,8.415,-14.39,-17.073,379.538,,0,1,0,1,0,0,2,5,3,11
2018-07-11T13:44:30.291319,-0.374,0.675,-0.628,6.402,15.305,14.878,487.239,-0.775,0.351,0.717,-20.427,-5.305,-16.22,0,-0.452,0.231,0.979,1.829,0.793,-2.927,0,0.305,-0.291,0.883,4.695,-20.793,7.988,50.9,-0.09,0.988,-0.167,-18.841,-15.61,-12.317,379.538,,0,1,0,1,0,0,2,5,3,11
2018-07-11T13:44:30.376046,-0.328,0.7,-0.674,3.598,12.622,6.524,487.239,-0.722,0.282,0.72,-13.415,-10.915,-11.585,0,-0.469,0.188,0.917,-2.5,6.768,-5.732,0,0.277,-0.276,0.821,-1.768,5.183,5.305,50.9,-0.082,0.935,-0.16,27.866,-14.512,-1.707,379.538,,0,1,0,1,0,0,2,5,3,11
2018-07-11T13:44:30.417156,-0.316,0.677,-0.694,2.805,11.707,5.549,487.239,-0.722,0.282,0.72,-11.098,-9.207,-11.037,0,-0.469,0.188,0.917,-1.037,7.256,-3.78,0,0.277,-0.276,0.821,0.061,4.207,-9.817,50.9,-0.082,0.935,-0.16,32.195,-15.915,6.037,379.538,,0,1,0,1,0,0,2,5,3,11
2018-07-11T13:44:30.481828,-0.31,0.661,-0.688,0.244,8.841,5.366,487.239,-0.668,0.254,0.748,-7.561,-3.049,-9.573,0,-0.471,0.148,0.903,-3.841,6.768,-3.476,0,0.33,-0.302,0.891,-3.415,-1.28,-4.329,50.9,-0.109,0.874,-0.182,35.122,-26.829,4.085,379.538,,0,1,0,1,0,0,2,5,3,11
2018-07-11T13:44:30.545499,-0.31,0.661,-0.688,-0.549,8.598,5.793,487.239,-0.69,0.252,0.773,-8.537,-2.195,-7.622,0,-0.496,0.143,0.931,-0.671,2.866,-2.073,0,0.354,-0.306,0.859,-5.732,-2.927,7.439,50.9,-0.143,0.88,-0.187,25.976,-34.146,-5.915,379.538,,0,1,0,1,0,0,2,5,3,11
2018-07-11T13:44:30.684369,-0.283,0.691,-0.696,0.122,4.024,4.39,487.239,-0.726,0.223,0.761,-6.098,-2.195,-4.634,0,-0.5,0.188,0.914,3.293,1.585,0.488,0,0.315,-0.319,0.875,1.463,3.415,-0.366,50.9,-0.206,0.905,-0.271,59.451,-62.317,20,379.538,,0,1,0,1,0,0,2,5,3,11
2018-07-11T13:44:30.732999,-0.273,0.688,-0.691,0.122,1.402,2.256,487.239,-0.726,0.223,0.761,-3.11,-1.28,-3.232,0,-0.5,0.188,0.914,0.793,0.732,-0.244,0,0.315,-0.319,0.875,0.549,3.11,0.488,50.9,-0.206,0.905,-0.271,77.012,-62.988,31.524,379.538,,0,1,0,1,0,0,2,5,3,11
2018-07-11T13:44:30.869865,-0.274,0.681,-0.686,-0.488,-0.671,-1.159,487.239,-0.709,0.235,0.767,0,-4.695,1.28,0,-0.497,0.15,0.933,-4.268,-1.098,-0.732,0,0.31,-0.287,0.832,7.988,2.134,-3.598,50.9,-0.355,0.595,-0.47,95.366,-101.585,74.634,379.538,,0,1,0,1,0,0,2,5,3,11
2018-07-11T13:44:31.089452,-0.288,0.68,-0.68,-1.585,-2.683,0.305,487.239,-0.701,0.243,0.751,1.098,0.915,0.976,1.066,-0.471,0.18,0.927,3.476,-3.598,1.037,65.58,0.286,-0.314,0.87,5.915,3.232,11.159,514.237,-0.253,0.36,-1.04,7.439,65.61,-100.915,379.538,,0,1,0,1,1,0,2,5,3,11
2018-07-11T13:44:31.170669,-0.281,0.674,-0.666,-0.732,-1.829,-0.549,487.239,-0.707,0.256,0.745,2.561,-0.183,0.732,1.066,-0.463,0.173,0.936,-1.585,-1.22,-0.305,65.58,0.291,-0.282,0.895,0.488,-1.524,5.305,514.237,-0.273,0.797,-1.023,65.976,82.256,-89.878,379.538,,0,1,0,1,1,0,2,5,3,11
2018-07-11T13:44:31.220803,-0.294,0.679,-0.669,-0.854,-0.244,-0.671,487.239,-0.698,0.263,0.761,0.061,-2.927,0.488,1.066,-0.463,0.173,0.936,-0.488,-1.159,0.183,65.58,0.305,-0.292,0.884,-4.512,1.829,6.402,514.237,-0.273,0.797,-1.023,82.561,87.317,-65.488,379.538,,0,1,0,1,1,0,2,5,3,11
2018-07-11T13:44:31.265923,-0.294,0.679,-0.669,-0.488,1.037,-0.366,487.239,-0.698,0.263,0.761,-0.854,-4.39,0.488,1.066,-0.464,0.157,0.946,-0.183,0.366,0.122,65.58,0.305,-0.292,0.884,-9.756,-5.305,13.11,514.237,-0.187,0.923,-0.901,8.11,101.646,-5.732,379.538,,0,1,0,1,1,0,2,5,3,11
2018-07-11T13:44:31.308036,-0.3,0.677,-0.685,-0.122,1.646,-0.122,487.239,-0.682,0.257,0.781,-1.585,-4.146,0.305,1.066,-0.473,0.139,0.94,-0.244,1.28,0.366,65.58,0.312,-0.343,0.844,-8.354,-6.768,4.756,514.237,-0.187,0.923,-0.901,-10.427,80,53.171,379.538,,0,1,0,1,1,0,2,5,3,11
2018-07-11T13:44:31.369701,-0.292,0.678,-0.685,-0.61,2.317,0.854,487.239,-0.682,0.257,0.781,-2.378,-3.049,0,1.066,-0.473,0.139,0.94,1.524,1.098,0.854,65.58,0.312,-0.343,0.844,-2.683,-3.598,4.085,514.237,0.049,0.221,-0.789,126.037,1.28,-1.829,379.538,,0,1,0,1,1,0,2,5,3,11
2018-07-11T13:44:31.420336,-0.292,0.678,-0.685,-0.549,2.256,1.646,487.239,-0.683,0.244,0.771,-2.317,0.732,-1.037,1.066,-0.479,0.159,0.926,3.78,0.915,1.463,65.58,0.301,-0.327,0.835,-3.415,0.732,4.146,514.237,0.012,0.363,-0.842,119.39,-9.085,-29.268,379.538,,0,1,0,1,1,0,2,5,3,11
2018-07-11T13:44:31.463451,-0.283,0.674,-0.674,-0.976,2.317,2.073,487.239,-0.7,0.243,0.765,-2.073,1.037,-1.89,1.066,-0.481,0.17,0.928,4.39,1.402,1.098,65.58,0.297,-0.332,0.857,1.28,2.988,-2.439,514.237,0.012,0.363,-0.842,90.854,-28.476,-20.488,379.538,,0,1,0,1,1,0,2,5,3,11
2018-07-11T13:44:31.509574,-0.283,0.674,-0.674,-0.488,2.439,2.378,487.239,-0.7,0.243,0.765,-2.378,1.341,-2.622,1.066,-0.481,0.17,0.928,5.976,0.366,1.707,65.58,0.297,-0.332,0.857,0,5.305,-3.11,514.237,-0.118,0.27,-0.898,74.451,-16.768,3.963,379.538,,0,1,0,1,1,0,2,5,3,11
2018-07-11T13:44:31.558706,-0.28,0.68,-0.678,0.122,2.988,2.195,487.239,-0.706,0.244,0.764,-2.683,0.488,-2.866,1.066,-0.479,0.183,0.934,4.695,0.366,1.098,65.58,0.301,-0.352,0.863,0.366,2.256,-2.622,514.237,-0.13,-0.014,-0.976,31.585,-7.012,2.134,379.538,,0,1,0,1,1,0,2,5,3,11
2018-07-11T13:44:31.604327,-0.274,0.688,-0.688,0.427,3.171,1.707,487.239,-0.706,0.244,0.764,-2.805,-1.951,-2.5,1.066,-0.479,0.183,0.934,2.256,0.915,-0.061,65.58,0.301,-0.352,0.863,-0.976,0,-0.549,514.237,-0.13,-0.014,-0.976,86.829,-0.061,-13.537,379.538,,0,1,0,1,1,0,2,5,3,11
2018-07-11T13:44:31.675016,-0.274,0.688,-0.688,0.061,2.866,1.524,487.239,-0.705,0.232,0.77,-2.622,-2.683,-1.768,1.066,-0.486,0.175,0.928,1.585,0.976,0.061,65.58,0.299,-0.325,0.844,1.159,-0.549,1.341,514.237,-0.143,-0.011,-0.981,48.841,-7.866,10.427,379.538,,0,1,0,1,1,0,2,5,3,11
2018-07-11T13:44:31.758239,-0.275,0.683,-0.685,-1.037,0.122,0.183,487.239,-0.695,0.225,0.774,-0.366,-0.488,-0.793,1.066,-0.482,0.169,0.925,1.89,-0.061,0.854,65.58,0.301,-0.336,0.86,-0.732,0.122,0.244,514.237,-0.115,-0.126,-0.942,51.463,-0.427,-4.451,379.538,,0,1,0,1,1,0,2,5,3,11
2018-07-11T13:44:31.885078,-0.275,0.685,-0.685,-0.732,-0.061,-0.61,487.239,-0.704,0.236,0.772,-0.366,-1.829,1.159,1.066,-0.479,0.186,0.929,2.134,-1.037,1.341,65.58,0.301,-0.334,0.85,2.073,0.305,1.829,514.237,-0.142,-0.125,-0.914,41.829,-4.207,0.549,379.538,,0,1,0,1,1,0,2,5,3,11
2018-07-11T13:44:31.931702,-0.277,0.68,-0.683,-0.671,-0.671,-0.915,487.239,-0.696,0.234,0.768,0.244,-1.402,1.22,1.066,-0.479,0.186,0.929,1.89,-0.793,1.28,65.58,0.301,-0.334,0.85,1.037,1.829,2.256,514.237,-0.142,-0.125,-0.914,45,-11.22,3.963,379.538,,0,1,0,1,1,0,2,5,3,11
2018-07-11T13:44:31.980834,-0.277,0.68,-0.683,-0.61,-0.732,-0.854,487.239,-0.696,0.234,0.768,0.549,-1.22,1.037,1.066,-0.476,0.184,0.927,1.646,-0.915,0.976,65.58,0.299,-0.342,0.856,-0.366,-0.183,0.793,514.237,-0.132,-0.243,-0.895,45.244,-6.22,4.817,379.538,,0,1,0,1,1,0,2,5,3,11
2018-07-11T13:44:32.024449,-0.278,0.676,-0.679,-0.793,-0.305,-0.61,424.499,-0.692,0.241,0.769,0.427,-0.976,0.732,1.066,-0.473,0.182,0.935,1.098,-0.732,0.854,65.58,0.302,-0.337,0.852,1.707,1.402,1.585,514.237,-0.132,-0.243,-0.895,44.695,-12.622,2.012,55.327,,0,1,0,1,1,0,2,5,3,11
2018-07-11T13:44:32.085112,-0.282,0.679,-0.681,-0.61,0.671,0.183,424.499,-0.692,0.243,0.773,-0.61,-1.829,0.061,1.066,-0.473,0.182,0.935,0.793,-0.61,0.305,65.58,0.302,-0.337,0.852,0.854,0.061,2.378,514.237,-0.162,-0.286,-0.913,28.598,-16.22,-6.037,55.327,,0,1,0,1,1,0,2,5,3,11
2018-07-11T13:44:32.155801,-0.282,0.679,-0.681,-0.549,0.854,0.61,424.499,-0.692,0.243,0.773,-0.732,-0.976,-0.427,1.066,-0.471,0.18,0.929,3.11,-0.183,1.463,65.58,0.298,-0.333,0.854,0.793,0.793,0,514.237,-0.183,-0.275,-0.908,7.683,-8.11,1.098,55.327,,0,1,0,1,1,0,2,5,3,11
2018-07-11T13:44:32.212953,-0.279,0.684,-0.681,-0.549,0.915,0.488,424.499,-0.694,0.244,0.77,-0.854,-0.61,-0.61,1.066,-0.469,0.191,0.933,3.11,0.244,1.28,65.58,0.302,-0.338,0.859,0.061,-2.012,0.976,514.237,-0.193,-0.352,-0.886,-0.122,-2.134,0.549,55.327,,0,1,0,1,1,0,2,5,3,11
2018-07-11T13:44:32.260581,-0.276,0.68,-0.681,-0.549,1.098,0.366,424.499,-0.696,0.242,0.768,-1.098,-0.854,-0.488,1.066,-0.474,0.191,0.93,1.646,0.183,0.61,65.58,0.305,-0.338,0.853,0.793,-1.707,0.793,514.237,-0.193,-0.352,-0.886,7.561,-1.22,-2.073,55.327,,0,1,0,1,1,0,2,5,3,11
2018-07-11T13:44:32.308710,-0.276,0.68,-0.681,-0.366,1.341,0.549,424.499,-0.696,0.242,0.768,-1.463,-1.341,-0.488,1.066,-0.474,0.191,0.93,1.037,0.427,0.183,65.58,0.305,-0.338,0.853,-0.061,-1.768,1.463,514.237,-0.196,-0.334,-0.891,-0.732,-1.707,0.61,55.327,,0,1,0,1,1,0,2,5,3,11
2018-07-11T13:44:32.354331,-0.274,0.679,-0.683,-0.183,1.463,0.793,424.499,-0.695,0.234,0.77,-1.463,-1.22,-0.793,1.066,-0.478,0.186,0.926,0.488,0.671,-0.061,65.58,0.305,-0.339,0.849,0.488,-0.122,0.488,514.237,-0.196,-0.334,-0.891,15.244,-0.976,1.89,55.327,,0,1,0,1,1,0,2,5,3,11
2018-07-11T13:44:32.413489,-0.275,0.683,-0.686,-0.549,1.524,0.915,424.499,-0.693,0.233,0.774,-1.341,-1.28,-1.037,1.066,-0.478,0.186,0.926,0.671,0.732,0.061,65.58,0.309,-0.343,0.854,-0.61,-0.366,0.305,514.237,-0.19,-0.357,-0.883,-0.183,1.768,-3.171,55.327,,0,1,0,1,1,0,2,5,3,11
2018-07-11T13:44:32.475154,-0.275,0.683,-0.686,-0.427,1.463,1.037,424.499,-0.698,0.232,0.774,-1.159,-0.915,-1.037,1.066,-0.477,0.187,0.928,1.463,0.427,0.366,65.58,0.309,-0.343,0.854,0.915,-1.646,1.037,514.237,-0.186,-0.346,-0.869,-0.061,-2.5,-4.451,55.327,,0,1,0,1,1,0,2,5,3,11
2018-07-11T13:44:32.534813,-0.273,0.686,-0.686,-0.671,0.854,0.549,424.499,-0.698,0.232,0.774,-0.793,-0.854,-0.732,1.066,-0.477,0.192,0.931,1.28,0.183,0.366,65.58,0.308,-0.339,0.852,0.732,2.012,-0.732,514.237,-0.184,-0.337,-0.868,1.037,-4.146,-6.646,55.327,,0,1,0,1,1,0,2,5,3,11
2018-07-11T13:44:32.587955,-0.271,0.685,-0.685,-0.671,0.671,0.122,424.499,-0.7,0.234,0.773,-0.549,-1.037,-0.305,1.066,-0.476,0.192,0.929,0.854,-0.122,0.488,65.58,0.307,-0.337,0.854,1.28,2.439,-0.61,514.237,-0.184,-0.337,-0.868,-1.646,-5.427,-7.622,55.327,,0,1,0,1,1,0,2,5,3,11
2018-07-11T13:44:32.636084,-0.271,0.685,-0.685,-0.732,0.488,-0.183,424.499,-0.695,0.233,0.774,-0.549,-1.463,0.305,1.066,-0.476,0.192,0.929,0.671,-0.305,0.488,65.58,0.307,-0.337,0.854,2.134,2.683,-0.244,514.237,-0.208,-0.331,-0.877,-1.402,-3.841,-8.171,55.327,,0,1,0,1,1,0,2,5,3,11
2018-07-11T13:44:32.682207,-0.271,0.68,-0.684,-0.854,0.549,-0.244,424.499,-0.695,0.233,0.774,-0.366,-1.463,0.244,1.066,-0.476,0.19,0.928,0.732,-0.305,0.488,65.58,0.301,-0.336,0.853,0.366,0.427,0.854,514.237,-0.208,-0.313,-0.889,1.341,-0.61,-1.89,55.327,,0,1,0,1,1,0,2,5,3,11
2018-07-11T13:44:32.749888,-0.273,0.682,-0.682,-0.915,0.549,0,424.499,-0.693,0.235,0.774,-0.244,-1.22,0.122,1.066,-0.473,0.19,0.929,0.244,0.122,0.427,65.58,0.309,-0.338,0.85,-0.366,-2.5,0.793,514.237,-0.208,-0.313,-0.889,12.5,11.037,0.61,55.327,,0,1,0,1,1,0,2,5,3,11
2018-07-11T13:44:32.806039,-0.273,0.683,-0.682,-0.976,0.61,0.061,424.499,-0.694,0.238,0.774,-0.427,-1.159,0,1.066,-0.473,0.19,0.929,0.244,-0.061,0.366,65.58,0.309,-0.338,0.85,1.402,-2.561,2.683,514.237,-0.188,-0.328,-0.884,-5.122,3.902,3.049,55.327,,0,1,0,1,1,0,2,5,3,11
2018-07-11T13:44:32.870711,-0.273,0.683,-0.682,-0.549,0.427,0.183,424.499,-0.696,0.236,0.775,-0.671,-1.098,-0.488,1.066,-0.477,0.188,0.933,-0.488,0.244,-0.244,65.58,0.306,-0.34,0.843,1.037,-0.366,-0.793,514.237,-0.175,-0.353,-0.869,-0.183,5.854,6.768,55.327,,0,1,0,1,1,0,2,5,3,11
2018-07-11T13:44:32.916333,-0.274,0.686,-0.681,-0.427,0.732,0.305,424.499,-0.696,0.236,0.775,-0.793,-0.793,-0.671,1.066,-0.473,0.192,0.93,1.098,-0.183,0.488,65.58,0.311,-0.337,0.858,1.585,-0.549,-3.11,514.237,-0.175,-0.353,-0.869,6.585,13.415,5.671,55.327,,0,1,0,1,1,0,2,5,3,11
2018-07-11T13:44:32.984515,-0.271,0.684,-0.681,-0.427,0.671,0.183,424.499,-0.696,0.239,0.772,-0.61,-0.793,-0.671,1.066,-0.473,0.187,0.93,-1.402,0.732,-0.549,65.58,0.316,-0.334,0.851,0.976,-0.122,-1.89,514.237,-0.167,-0.343,-0.884,2.195,6.524,4.085,55.327,,0,1,0,1,1,0,2,5,3,11
2018-07-11T13:44:33.092303,-0.271,0.681,-0.684,-0.61,1.098,0.305,424.499,-0.692,0.234,0.773,-0.976,-1.463,-0.427,1.066,-0.479,0.181,0.93,-1.829,0.671,-0.732,81.477,0.316,-0.332,0.847,1.951,1.159,0.366,464.96,-0.153,-0.328,-0.885,-3.659,4.512,1.524,55.327,,1,1,0,1,1,0,2,5,3,11
2018-07-11T13:44:33.157621,-0.272,0.684,-0.684,-0.732,1.22,0.488,424.499,-0.693,0.231,0.778,-1.037,-1.341,-0.915,1.066,-0.479,0.178,0.927,-1.341,0.732,-0.488,81.477,0.313,-0.332,0.852,1.159,0.427,-1.829,464.96,-0.153,-0.328,-0.885,-11.28,0.366,2.744,55.327,,1,1,0,1,1,0,2,5,3,11
2018-07-11T13:44:33.237835,-0.271,0.686,-0.682,-0.915,0.854,0.488,424.499,-0.694,0.234,0.777,-0.61,-0.915,-0.793,1.066,-0.478,0.178,0.932,-1.463,0.61,-0.549,81.477,0.319,-0.333,0.853,1.585,0.793,-1.098,464.96,-0.16,-0.23,-0.89,-41.707,5.61,14.634,55.327,,1,1,0,1,1,0,2,5,3,11
2018-07-11T13:44:33.311532,-0.269,0.687,-0.681,-1.585,0.61,0.122,424.499,-0.693,0.233,0.776,-0.793,-1.341,-0.305,1.066,-0.48,0.175,0.93,-1.402,0.305,-0.488,81.477,0.315,-0.326,0.855,2.256,3.11,-1.585,464.96,-0.145,-0.261,-0.896,-106.159,0.427,4.207,55.327,,1,1,0,1,1,0,2,5,3,11
2018-07-11T13:44:33.371693,-0.269,0.684,-0.682,-1.463,0.488,0.488,424.499,-0.692,0.231,0.775,-0.671,-1.402,-0.427,1.066,-0.48,0.175,0.93,-1.768,0.366,-0.488,81.477,0.309,-0.321,0.86,1.829,3.537,-0.122,464.96,-0.163,-0.194,-0.946,4.207,-6.22,-4.207,55.327,,1,1,0,1,1,0,2,5,3,11
2018-07-11T13:44:33.420824,-0.269,0.684,-0.682,-0.671,0.61,0.183,424.499,-0.692,0.231,0.775,-0.61,-1.22,-0.549,1.066,-0.479,0.172,0.932,-2.439,0.488,-0.671,81.477,0.309,-0.321,0.86,0.488,1.89,-0.122,464.96,-0.169,-0.121,-0.945,-51.341,5,-2.561,55.327,,1,1,0,1,1,0,2,5,3,11
2018-07-11T13:44:33.467950,-0.271,0.688,-0.68,-0.549,0.549,0.183,424.499,-0.694,0.233,0.776,-0.488,-1.159,-0.671,1.066,-0.479,0.168,0.934,-2.622,0.549,-0.732,81.477,0.309,-0.326,0.857,1.037,0.854,-0.732,464.96,-0.169,-0.121,-0.945,-29.329,7.561,-1.829,55.327,,1,1,0,1,1,0,2,5,3,11
2018-07-11T13:44:33.525103,-0.271,0.688,-0.68,-0.854,0.549,0.183,424.499,-0.692,0.234,0.776,-0.549,-1.28,-0.61,1.066,-0.479,0.168,0.934,-2.378,0.549,-0.671,81.477,0.309,-0.323,0.853,0.244,1.463,0.854,464.96,-0.152,-0.087,-0.94,-10.305,0.122,2.134,55.327,,1,1,0,1,1,0,2,5,3,11
2018-07-11T13:44:33.586266,-0.269,0.687,-0.681,-0.427,0.671,-0.183,424.499,-0.689,0.229,0.782,-0.793,-2.012,-0.366,1.066,-0.48,0.161,0.937,-3.232,0.732,-0.976,81.477,0.309,-0.323,0.853,0.122,-1.098,1.951,464.96,-0.153,-0.089,-0.92,-15.976,-3.537,2.683,55.327,,1,1,0,1,1,0,2,5,3,11
2018-07-11T13:44:33.635397,-0.271,0.685,-0.682,-0.671,0.793,-0.122,424.499,-0.689,0.229,0.782,-1.28,-1.768,-0.61,1.066,-0.483,0.151,0.928,-2.5,0.427,-0.671,81.477,0.311,-0.324,0.855,0.976,-0.366,-0.793,464.96,-0.153,-0.089,-0.92,5.366,1.037,2.622,55.327,,1,1,0,1,1,0,2,5,3,11
2018-07-11T13:44:33.687035,-0.271,0.685,-0.682,-0.61,0.854,0.427,424.499,-0.691,0.229,0.776,-1.28,-0.305,-1.159,1.066,-0.483,0.151,0.928,0.549,-0.488,0.122,81.477,0.312,-0.324,0.861,0.915,-0.122,-0.671,464.96,-0.154,-0.096,-0.937,-3.72,-3.293,1.037,55.327,,1,1,0,1,1,0,2,5,3,11
2018-07-11T13:44:33.730651,-0.268,0.689,-0.679,-0.549,0.549,0.305,424.499,-0.691,0.229,0.776,-0.61,-0.244,-1.28,1.066,-0.478,0.162,0.933,-0.549,0.366,0.122,81.477,0.312,-0.324,0.861,0.61,1.89,-0.488,464.96,-0.161,-0.083,-0.933,1.463,-0.122,0.183,55.327,,1,1,0,1,1,0,2,5,3,11
2018-07-11T13:44:33.780786,-0.267,0.686,-0.678,-0.61,0.793,-0.183,424.499,-0.696,0.232,0.775,-0.976,-1.28,-0.488,1.066,-0.482,0.156,0.935,-2.073,0.671,-0.671,81.477,0.313,-0.324,0.86,0.61,1.707,-0.061,464.96,-0.161,-0.083,-0.933,-8.72,1.341,-1.28,55.327,,1,1,0,1,1,0,2,5,3,11
2018-07-11T13:44:33.837437,-0.267,0.686,-0.678,-0.488,1.037,0,424.499,-0.693,0.227,0.777,-1.159,-1.646,-0.488,1.066,-0.482,0.156,0.935,-2.195,0.488,-0.549,81.477,0.313,-0.324,0.86,0.549,2.195,1.585,464.96,-0.159,-0.069,-0.932,-7.317,0.305,-0.976,55.327,,1,1,0,1,1,0,2,5,3,11
2018-07-11T13:44:33.903615,-0.269,0.685,-0.682,-0.488,0.915,0.244,424.499,-0.688,0.226,0.782,-0.976,-1.524,-0.793,1.066,-0.483,0.143,0.928,-0.732,0.244,-0.061,81.477,0.305,-0.322,0.855,-0.366,0.915,1.829,464.96,-0.161,-0.059,-0.938,-6.037,-1.646,-2.012,55.327,,1,1,0,1,1,0,2,5,3,11
2018-07-11T13:44:33.966783,-0.27,0.688,-0.682,-0.61,0.854,0.305,424.499,-0.688,0.226,0.782,-1.037,-0.976,-0.61,1.066,-0.48,0.144,0.926,1.89,-0.305,0.854,81.477,0.308,-0.326,0.855,2.012,1.524,1.524,464.96,-0.155,-0.06,-0.935,5.793,5.549,0.183,55.327,,1,1,0,1,1,0,2,5,3,11
2018-07-11T13:44:34.015413,-0.267,0.688,-0.68,-0.671,0.61,0.427,424.499,-0.689,0.226,0.781,-0.427,-0.366,-0.305,1.066,-0.48,0.144,0.926,2.988,-0.427,1.037,81.477,0.305,-0.324,0.862,2.744,3.841,1.951,464.96,-0.155,-0.06,-0.935,-1.159,5,0.671,55.327,,1,0,0,1,1,0,2,5,3,11
2018-07-11T13:44:34.059530,-0.267,0.688,-0.68,-0.732,0.671,0.305,424.499,-0.693,0.227,0.778,-0.549,-0.244,-0.061,1.066,-0.481,0.153,0.935,3.841,-0.793,1.463,81.477,0.305,-0.324,0.862,1.585,3.963,3.232,464.96,-0.149,-0.073,-0.938,-0.366,2.561,0,55.327,,1,0,0,1,1,0,2,5,3,11
2018-07-11T13:44:34.105152,-0.267,0.689,-0.678,-0.732,0.61,0.305,424.499,-0.693,0.227,0.778,-0.61,-0.671,0,1.066,-0.481,0.162,0.935,3.171,-0.732,1.22,81.477,0.293,-0.324,0.861,0.061,3.049,3.293,464.96,-0.149,-0.073,-0.938,0,3.72,-0.366,55.327,,1,0,0,1,1,0,2,5,3,11
2018-07-11T13:44:34.165313,-0.267,0.689,-0.678,-0.61,0.61,0.305,424.499,-0.694,0.229,0.777,-0.488,-0.671,0,1.066,-0.481,0.162,0.935,3.171,-0.549,1.28,81.477,0.293,-0.324,0.865,0.488,2.012,1.037,464.96,-0.146,-0.064,-0.946,5.366,3.659,3.72,55.327,,1,0,0,1,1,0,2,5,3,11
2018-07-11T13:44:34.220962,-0.266,0.688,-0.679,-0.427,0.549,0,424.499,-0.691,0.228,0.78,-0.488,-1.159,0.061,1.066,-0.478,0.163,0.934,2.561,-0.244,0.976,81.477,0.293,-0.324,0.865,-0.366,1.524,3.659,464.96,-0.144,-0.058,-0.927,-10.549,4.512,0.915,55.327,,1,0,0,1,1,0,2,5,3,11
2018-07-11T13:44:34.275608,-0.267,0.687,-0.682,-0.549,0.671,-0.061,424.499,-0.691,0.228,0.78,-0.732,-1.585,0.122,1.066,-0.48,0.159,0.932,2.134,-0.305,0.793,81.477,0.294,-0.329,0.853,-0.732,-0.915,1.524,464.96,-0.144,-0.058,-0.927,-35.061,7.073,-1.098,55.327,,1,0,0,1,1,0,2,5,3,11
2018-07-11T13:44:34.322232,-0.267,0.687,-0.682,-0.488,0.793,0.366,424.499,-0.69,0.227,0.781,-0.976,-0.854,-0.244,1.066,-0.48,0.159,0.932,3.72,-0.732,1.585,81.477,0.289,-0.328,0.866,1.646,4.573,1.159,464.96,-0.126,-0.004,-0.946,-52.561,10.061,-0.915,55.327,,1,0,0,1,1,0,2,5,3,11
2018-07-11T13:44:34.370361,-0.266,0.689,-0.679,-0.793,0.793,0.671,424.499,-0.694,0.23,0.777,-0.366,-0.427,-0.305,1.066,-0.475,0.171,0.932,4.634,-0.244,1.707,81.477,0.289,-0.328,0.866,1.341,3.902,0.976,464.96,-0.108,0.022,-0.945,-5.122,11.646,0.549,55.327,,1,0,0,1,1,0,2,5,3,11
2018-07-11T13:44:34.466618,-0.266,0.688,-0.679,-0.61,0.915,0.122,424.499,-0.692,0.227,0.777,-0.976,-1.28,0.061,1.066,-0.478,0.173,0.935,2.622,-0.061,0.915,81.477,0.291,-0.323,0.864,4.085,3.841,1.159,464.96,-0.107,0.03,-0.942,-11.585,2.378,0.122,55.327,,1,0,0,1,1,0,2,5,3,11
2018-07-11T13:44:34.523517,-0.267,0.688,-0.68,-0.549,0.976,0.488,424.499,-0.692,0.227,0.777,-0.793,-1.22,-0.122,1.066,-0.479,0.173,0.933,1.646,0.305,0.549,81.477,0.277,-0.319,0.867,3.049,1.341,1.951,464.96,-0.107,0.03,-0.942,-7.256,2.5,0,55.327,,1,0,0,1,1,0,2,5,3,11
2018-07-11T13:44:34.584681,-0.264,0.689,-0.68,-0.549,0.793,0.366,424.499,-0.692,0.227,0.779,-0.671,-0.793,-0.366,1.066,-0.477,0.174,0.929,2.256,0.122,0.854,81.477,0.283,-0.323,0.872,0,0.976,-1.159,464.96,-0.105,0.035,-0.938,-0.366,5.915,2.134,55.327,,1,0,0,1,1,0,2,5,3,11
2018-07-11T13:44:34.635818,-0.264,0.689,-0.68,-0.61,0.793,0.244,424.499,-0.693,0.227,0.779,-0.793,-0.976,-0.244,1.066,-0.477,0.174,0.929,2.561,0.061,0.915,81.477,0.283,-0.321,0.872,0.427,1.646,0.488,464.96,-0.095,0.039,-0.941,-3.537,4.451,1.463,55.327,,1,0,0,1,1,0,2,5,3,11
2018-07-11T13:44:34.682442,-0.265,0.688,-0.68,-0.61,0.793,0.305,424.499,-0.693,0.227,0.779,-0.732,-1.037,-0.183,1.066,-0.479,0.178,0.93,2.012,0.183,0.671,81.477,0.283,-0.321,0.872,-0.549,2.439,1.341,464.96,-0.095,0.039,-0.941,-2.805,2.317,1.463,55.327,,1,0,0,1,1,0,2,5,3,11
2018-07-11T13:44:34.731072,-0.265,0.688,-0.68,-0.488,0.793,0.305,424.499,-0.693,0.225,0.778,-0.61,-0.976,-0.244,1.066,-0.479,0.178,0.93,2.012,0.244,0.671,81.477,0.277,-0.322,0.869,-1.28,0.732,1.28,464.96,-0.088,0.04,-0.944,-1.341,1.768,0.427,55.327,,1,0,0,1,1,0,2,5,3,11
2018-07-11T13:44:34.777195,-0.264,0.69,-0.679,-0.427,0.549,0.183,424.499,-0.693,0.228,0.777,-0.61,-0.976,-0.183,1.066,-0.478,0.179,0.929,1.707,0.122,0.732,81.477,0.277,-0.322,0.869,-2.073,0.732,0.61,464.96,-0.091,0.042,-0.942,0.793,-0.427,0.854,55.327,,1,0,0,1,1,0,2,5,3,11
2018-07-11T13:44:34.836855,-0.264,0.689,-0.68,-0.61,0.671,0.061,424.499,-0.693,0.228,0.777,-0.61,-1.037,-0.122,1.066,-0.477,0.181,0.93,1.89,0.183,0.854,81.477,0.278,-0.325,0.869,-2.317,0.427,3.415,464.96,-0.091,0.042,-0.942,-0.549,0.366,0.732,55.327,,1,0,0,1,1,0,2,5,3,11
2018-07-11T13:44:34.899021,-0.264,0.69,-0.68,-0.488,0.61,0.122,424.499,-0.69,0.228,0.781,-0.732,-1.463,0,1.066,-0.48,0.18,0.928,1.341,0.122,0.549,81.477,0.276,-0.331,0.86,-2.439,-2.012,0.854,464.96,-0.095,0.043,-0.938,-0.732,1.159,2.012,55.327,,1,0,0,1,1,0,2,5,3,11
2018-07-11T13:44:34.949155,-0.264,0.69,-0.68,-0.488,0.61,0.366,424.499,-0.691,0.227,0.779,-0.732,-0.61,-0.244,1.066,-0.48,0.18,0.928,2.927,-0.183,1.402,81.477,0.276,-0.331,0.86,-2.073,-2.134,0.854,464.96,-0.087,0.047,-0.943,-1.768,3.841,1.768,55.327,,1,0,0,1,1,0,2,5,3,11
2018-07-11T13:44:34.999790,-0.264,0.69,-0.679,-0.427,0.61,0.244,424.499,-0.691,0.227,0.779,-0.61,-0.732,-0.244,1.066,-0.475,0.188,0.93,2.744,0.244,1.159,81.477,0.282,-0.334,0.864,-1.524,-0.61,-0.061,464.96,-0.087,0.047,-0.943,1.341,2.195,1.768,55.327,,1,0,0,1,1,0,2,5,3,11
