TimeStamps,AnkleAccelerometer,,,AnkleAngularVelocity,,,AnkleLuminosity,RightPocketAccelerometer,,,RightPocketAngularVelocity,,,RightPocketLuminosity,BeltAccelerometer,,,BeltAngularVelocity,,,BeltLuminosity,NeckAccelerometer,,,NeckAngularVelocity,,,NeckLuminosity,WristAccelerometer,,,WristAngularVelocity,,,WristLuminosity,BrainSensor,Infrared1,Infrared2,Infrared3,Infrared4,Infrared5,Infrared6,Subject,Activity,Trial
,x-axis (g),y-axis (g),z-axis (g),x-axis (deg/s),y-axis (deg/s),z-axis (deg/s),illuminance (lx),x-axis (g),y-axis (g),z-axis (g),x-axis (deg/s),y-axis (deg/s),z-axis (deg/s),illuminance (lx),x-axis (g),y-axis (g),z-axis (g),x-axis (deg/s),y-axis (deg/s),z-axis (deg/s),illuminance (lx),x-axis (g),y-axis (g),z-axis (g),x-axis (deg/s),y-axis (deg/s),z-axis (deg/s),illuminance (lx),x-axis (g),y-axis (g),z-axis (g),x-axis (deg/s),y-axis (deg/s),z-axis (deg/s),illuminance (lx),,,,,,,
2018-07-06T13:03:15.104853,-0.955,-0.116,0.109,1.28,21.098,15.305,547.838,0.293,-0.953,0.113,-20.976,-21.585,0.976,3.673,0.048,-0.997,-0.279,-8.232,1.22,3.11,722.374,-0.782,-0.25,-0.661,-38.11,2.744,-34.39,788.137,-0.98,0.303,-0.126,-81.463,55.61,30.183,135.771,-133,1,1,1,1,1,0,7,10,3,10
2018-07-06T13:03:15.150977,-0.955,-0.116,0.109,10,2.561,-4.268,547.838,0.296,-1.002,0.154,-8.354,-5.061,-2.256,3.673,0.048,-0.997,-0.279,-6.707,10.732,5.549,722.374,-0.792,-0.238,-0.634,-40.671,-6.341,-33.293,788.137,-1.041,0.38,-0.011,-46.524,46.098,45.366,135.771,488,1,1,1,1,1,0,7,10,3,10
2018-07-06T13:03:15.200112,-0.964,-0.13,0.147,15,-20,-16.89,547.838,0.163,-0.971,0.157,4.817,43.598,-3.598,3.673,-0.008,-1.054,-0.229,-2.378,21.22,7.622,722.374,-0.799,-0.236,-0.644,-37.073,-11.646,-25.366,788.137,-1.084,0.352,-0.027,-38.049,19.268,55.244,135.771,630,1,1,1,1,1,0,7,10,3,10
2018-07-06T13:03:15.251249,-0.964,-0.13,0.147,27.683,-48.11,-20.854,547.838,0.163,-0.971,0.157,-5.61,47.134,3.476,3.673,-0.008,-1.054,-0.229,9.024,27.134,11.28,722.374,-0.799,-0.236,-0.644,-21.463,-10.244,-16.159,788.137,-1.084,0.352,-0.027,-20,2.988,61.524,135.771,376,1,1,1,1,1,0,7,10,3,10
2018-07-06T13:03:15.312417,-1.1,0.252,-0.2,175.61,-62.5,-13.415,547.838,0.112,-0.965,0.247,-11.829,32.378,6.524,3.673,-0.083,-0.997,-0.191,16.829,21.768,16.707,722.374,-0.793,-0.249,-0.642,-2.927,-1.768,2.317,788.137,-1.05,0.275,-0.053,18.049,-11.463,68.598,135.771,-72,1,1,1,1,1,0,7,10,3,10
2018-07-06T13:03:15.354532,-1.1,0.234,-0.255,139.39,-31.524,-22.317,547.838,0.076,-1.025,0.335,4.329,34.146,10.488,3.673,-0.065,-1.016,-0.217,13.659,19.573,16.28,722.374,-0.807,-0.213,-0.654,2.866,8.537,6.341,788.137,-1.031,0.422,-0.073,78.354,-29.268,78.598,135.771,-156,1,1,1,1,1,0,7,10,3,10
2018-07-06T13:03:15.399655,-1.1,0.234,-0.255,37.561,-8.537,-1.341,547.838,0.076,-1.025,0.335,9.512,33.841,21.829,3.673,-0.065,-1.016,-0.217,10.366,14.146,18.476,722.374,-0.807,-0.213,-0.654,4.512,8.659,14.39,788.137,-1.031,0.422,-0.073,74.695,-36.341,85.061,135.771,49,1,1,1,1,1,0,7,10,3,10
2018-07-06T13:03:15.609256,-1.013,0.119,-0.155,-62.866,0.915,35.793,547.838,-0.058,-0.94,0.164,4.939,-17.012,29.695,3.673,-0.109,-0.934,-0.209,-13.78,-20.183,-4.451,722.374,-0.809,-0.138,-0.631,23.598,17.378,17.866,788.137,-0.865,0.395,-0.082,7.5,7.012,77.988,135.771,138,1,1,1,1,1,0,7,10,3,10
2018-07-06T13:03:15.652371,-1.013,0.119,-0.155,-111.89,-2.866,39.268,547.838,-0.058,-0.94,0.164,21.951,-28.659,27.073,3.673,-0.109,-0.934,-0.209,-9.39,-17.317,2.866,722.374,-0.809,-0.138,-0.631,18.537,14.146,9.573,788.137,-0.865,0.395,-0.082,-18.354,17.256,66.098,135.771,182,1,1,1,1,1,0,7,10,3,10
2018-07-06T13:03:15.696494,-0.799,0.29,-0.185,-148.842,5,46.341,547.838,-0.093,-0.709,0.146,50.61,-44.024,37.988,3.673,-0.184,-0.592,-0.288,0.793,-42.256,-10.732,722.374,-0.801,-0.184,-0.59,9.085,13.841,6.22,788.137,-0.588,0.406,-0.171,-26.951,20.061,45.549,135.771,-174,1,1,1,1,1,0,7,10,3,10
2018-07-06T13:03:15.745625,-0.63,0.1,-0.027,-50.854,73.415,82.744,547.838,0.338,-0.427,0.294,36.707,-54.085,52.683,3.673,0.178,-0.713,0.082,-7.134,-24.024,-16.28,722.374,-0.541,-0.166,-0.324,-14.817,2.561,1.037,788.137,-0.588,0.406,-0.171,-31.524,25.671,19.817,135.771,-38,1,1,1,1,1,0,7,10,3,10
2018-07-06T13:03:15.792756,-0.63,0.1,-0.027,-40.366,-1.159,46.646,547.838,0.338,-0.427,0.294,109.451,-165.732,0.305,3.673,0.178,-0.713,0.082,-12.439,-8.537,16.707,722.374,-0.541,-0.166,-0.324,-27.378,-30.244,1.951,788.137,-0.567,0.44,-0.3,-21.28,39.573,22.378,135.771,6,1,1,1,1,1,0,7,10,3,10
2018-07-06T13:03:15.837877,-1.656,0.404,-0.451,22.195,-2.927,-23.354,547.838,0.04,-2.481,0.879,66.22,-8.293,-57.622,3.673,-0.197,-2.477,-0.41,38.902,40.671,33.415,722.374,-0.369,-0.05,-0.655,-49.878,-26.768,16.585,788.137,-2.172,2.414,-0.913,25.427,-1.341,88.415,135.771,55,1,1,1,1,1,0,7,10,3,10
2018-07-06T13:03:15.891024,-1.656,0.404,-0.451,-1.463,-15.793,-46.341,547.838,0.04,-2.481,0.879,-92.561,100.793,-22.073,3.673,-0.197,-2.477,-0.41,-41.159,59.268,30,722.374,-0.369,-0.05,-0.655,12.683,54.451,32.5,788.137,-2.172,2.414,-0.913,120,14.39,58.841,135.771,7,1,1,1,1,1,0,7,10,3,10
2018-07-06T13:03:15.933137,-2.092,0.014,-0.335,-52.378,-57.866,-0.427,547.838,0.137,-1.898,0.55,-144.939,49.329,-3.415,3.673,-0.332,-2.115,-0.567,-7.073,39.39,7.5,722.374,-2.235,-0.09,-1.927,25.732,-19.146,34.268,788.137,-0.767,1.848,-0.348,-33.049,57.378,43.659,135.771,34,1,1,1,1,1,0,7,10,3,10
2018-07-06T13:03:15.980767,-2.092,0.014,-0.335,23.78,-100.549,-89.085,547.838,-0.423,0.052,-0.019,-63.11,82.866,-32.195,3.673,-0.094,0.165,-0.21,4.573,31.951,0.061,722.374,-2.235,-0.09,-1.927,31.646,-71.646,39.878,788.137,-0.767,1.848,-0.348,-53.232,30.366,39.573,135.771,112,1,1,1,1,1,0,7,10,3,10
2018-07-06T13:03:16.027893,-0.464,0.605,0.398,84.146,28.049,-72.805,547.838,-0.423,0.052,-0.019,-65.366,57.927,5.366,2.607,-0.094,0.165,-0.21,29.817,-5.915,12.927,897.61,-1.571,0.033,-1.272,4.146,-65.183,40.122,833.135,0.506,-0.457,0.179,-66.28,-2.439,62.195,19.475,-123,1,1,1,1,1,0,7,10,3,10
2018-07-06T13:03:16.072012,0.041,0.757,-0.172,118.781,50.854,47.073,547.838,0.036,-0.08,0.236,-36.037,-32.317,42.256,2.607,-0.007,-0.018,0.046,-40.305,-24.39,24.817,897.61,0.251,0.048,0.079,-3.537,-44.207,21.707,833.135,0.506,-0.457,0.179,-48.902,-20.183,89.512,19.475,-138,1,1,1,1,1,0,7,10,3,10
2018-07-06T13:03:16.120141,0.041,0.757,-0.172,-17.805,25,62.988,547.838,0.036,-0.08,0.236,41.829,-40.061,24.146,2.607,-0.007,-0.018,0.046,7.622,-5.793,13.476,897.61,0.251,0.048,0.079,-6.098,-7.134,-1.585,833.135,0.434,-0.829,0.367,-54.695,74.024,72.927,19.475,-23,1,1,1,1,1,0,7,10,3,10
2018-07-06T13:03:16.171282,-0.245,-0.078,-0.146,-137.683,39.512,64.329,547.838,0.157,-0.133,-0.144,29.512,65.854,0.427,2.607,0,0.086,-0.175,70.854,50.732,-3.293,897.61,0.07,-0.008,-0.001,-5.183,-8.354,-0.122,833.135,0.355,-0.432,0.164,9.512,-12.561,-49.39,19.475,96,1,1,1,1,1,0,7,10,3,10
2018-07-06T13:03:16.213394,-0.245,-0.078,-0.146,-101.707,40.732,66.768,547.838,0.157,-0.133,-0.144,68.72,29.756,15.854,2.607,0,0.086,-0.175,-50.915,54.146,4.146,897.61,0.07,-0.008,-0.001,-11.28,-8.963,-5.732,833.135,0.355,-0.432,0.164,-77.256,19.024,-21.707,19.475,161,1,1,1,1,1,0,7,10,3,10
2018-07-06T13:03:16.260525,-1.244,0.259,0.075,-43.841,33.841,94.634,547.838,-0.219,-0.658,0.095,49.329,-69.878,25.122,2.607,-0.334,-0.811,-0.5,-10.122,-38.963,18.841,897.61,-0.14,0.034,0.014,-9.451,-7.927,22.561,833.135,0.052,0.601,-0.335,-32.744,77.439,7.622,19.475,41,1,1,1,1,1,0,7,10,3,10
2018-07-06T13:03:16.308653,-2.263,0.326,-0.184,-8.049,28.293,-0.122,547.838,0.323,-2.85,1.049,68.537,-108.781,-13.415,2.607,-0.054,-2.856,-0.385,29.634,-44.329,27.256,897.61,-0.66,0.059,-0.338,41.22,-20.671,1.829,833.135,0.052,0.601,-0.335,17.134,-29.878,-81.646,19.475,147,1,1,1,1,1,0,7,10,3,10
2018-07-06T13:03:16.354781,-2.263,0.326,-0.184,32.134,7.256,22.805,547.838,0.323,-2.85,1.049,103.781,-54.207,-24.207,2.607,-0.054,-2.856,-0.385,-23.049,19.268,6.159,897.61,-0.66,0.059,-0.338,-16.585,16.646,36.341,833.135,-2.084,5.342,-1.486,255.488,-126.402,48.902,19.475,5,1,1,1,1,1,0,7,10,3,10
2018-07-06T13:03:16.401907,-1.801,0.13,-0.29,-44.573,-65.915,-32.012,547.838,-0.15,-2.167,0.675,-94.756,108.598,-37.744,2.607,-0.475,-2.413,-0.397,-25.488,57.805,-7.561,897.61,-2.755,0.217,-1.68,6.463,53.171,22.256,833.135,-0.848,1.496,-0.416,48.232,54.939,168.415,19.475,9,1,1,1,1,1,0,7,10,3,10
2018-07-06T13:03:16.458061,-1.801,0.13,-0.29,-18.841,-105.427,-113.354,547.838,-0.099,-0.068,0.095,-86.768,-47.073,-35.366,2.607,-0.053,-0.043,-0.309,-12.378,-7.195,-12.378,897.61,-2.755,0.217,-1.68,31.89,-29.268,2.317,833.135,-0.848,1.496,-0.416,-44.085,18.72,94.085,19.475,793,1,1,1,1,1,0,7,10,3,10
2018-07-06T13:03:16.510200,-0.625,0.662,0.236,47.866,7.439,-87.012,547.838,-0.099,-0.068,0.095,-49.573,9.573,-14.756,2.607,-0.053,-0.043,-0.309,64.024,-10.671,-1.585,897.61,-2.108,0.221,-1.187,6.22,-55.366,22.317,833.135,0.299,-1.115,0.517,-44.207,-22.439,50.488,19.475,368,1,1,1,1,1,0,7,10,3,10
2018-07-06T13:03:16.556328,0.068,0.434,-0.057,95.305,40.488,-6.951,547.838,-0.122,-0.048,0.147,-62.5,86.22,31.829,2.607,0.056,0.044,0.068,5.427,-9.268,17.317,897.61,0.139,0.037,0.091,-3.354,-57.683,11.524,833.135,0.299,-1.115,0.517,-8.78,-7.134,36.646,19.475,-387,1,1,1,1,1,0,7,10,3,10
2018-07-06T13:03:16.605459,0.068,0.434,-0.057,101.585,3.293,19.878,547.838,-0.122,-0.048,0.147,-18.902,19.329,60.671,2.607,0.056,0.044,0.068,39.634,16.28,9.329,897.61,0.139,0.037,0.091,-16.585,-6.524,-16.707,833.135,0.3,-0.811,0.423,-102.683,69.695,10.976,19.475,-666,1,1,1,1,1,0,7,10,3,10
2018-07-06T13:03:16.651083,-0.152,-0.022,-0.026,-17.805,1.22,30.915,547.838,0.32,-0.102,-0.02,46.463,55.732,-32.927,2.607,-0.048,0.078,-0.14,76.037,36.646,-4.695,897.61,0.121,0.003,-0.039,-25.122,10.671,-25.793,833.135,0.216,-0.374,0.169,-100.488,77.439,-57.683,19.475,-348,1,1,1,1,1,0,7,10,3,10
2018-07-06T13:03:16.697710,-0.152,-0.022,-0.026,-59.146,21.341,43.659,547.838,-0.248,-0.417,-0.054,63.049,63.171,-1.159,2.607,-0.216,-0.444,-0.414,-33.354,17.744,5.793,897.61,0.121,0.003,-0.039,-9.268,11.28,-27.256,833.135,0.216,-0.374,0.169,-72.195,36.585,-55.488,19.475,294,1,1,1,1,1,0,7,10,3,10
2018-07-06T13:03:16.749350,-1.113,0.654,-0.047,-29.634,37.622,73.659,547.838,-0.248,-0.417,-0.054,77.683,14.634,33.537,2.607,-0.216,-0.444,-0.414,8.963,20.305,5.915,897.61,-0.129,0.021,-0.02,36.585,-8.415,4.451,833.135,0.238,0.203,-0.075,-1.768,8.659,-75.549,19.475,-572,1,1,1,1,1,0,7,10,3,10
2018-07-06T13:03:16.791967,-2.312,0.219,-0.027,-0.183,35.671,-20.793,547.838,0.113,-2.658,0.771,71.341,-40.427,9.329,2.607,-0.243,-2.755,-0.407,9.573,-5.183,29.39,897.61,-0.402,0.035,-0.113,12.866,-2.927,6.402,833.135,0.238,0.203,-0.075,-12.927,-5.244,-121.585,19.475,563,1,1,1,1,1,0,7,10,3,10
2018-07-06T13:03:16.867172,-2.312,0.219,-0.027,31.28,18.537,2.866,547.838,0.041,-2.593,0.805,-3.476,72.439,-7.256,2.607,-0.478,-2.745,-0.343,-23.78,57.866,-1.402,897.61,-2.571,0.025,-1.487,3.476,122.988,-6.037,833.135,-1.739,5.423,-1.241,254.634,-61.829,26.707,19.475,936,1,1,1,1,1,0,7,10,3,10
2018-07-06T13:03:16.917305,-1.854,0.156,-0.398,-19.329,-104.817,-121.098,547.838,0.041,-2.593,0.805,-132.927,44.451,-52.073,2.607,-0.478,-2.745,-0.343,-38.537,13.476,-16.22,897.61,-2.571,0.025,-1.487,-6.463,36.402,-7.256,833.135,-0.859,2.336,-0.68,9.512,69.451,110.732,19.475,306,1,1,1,1,1,0,7,10,3,10
2018-07-06T13:03:16.963432,-0.773,0.698,0.202,82.134,-74.634,-153.781,547.838,-0.25,-0.356,0.087,-122.744,-48.171,-35.976,2.607,-0.183,-0.172,-0.332,-21.341,-14.024,-13.537,897.61,-2.589,0.133,-1.729,5,-28.049,14.817,833.135,0.509,-0.705,0.262,-43.293,-36.585,-0.427,19.475,475,1,1,1,1,1,0,7,10,3,10
2018-07-06T13:03:17.010559,-0.773,0.698,0.202,42.073,9.634,-95.366,1164.021,-0.083,-0.019,0.271,-55.549,7.866,9.207,2.607,-0.183,-0.172,-0.332,55.183,-40.427,2.439,897.61,-2.589,0.133,-1.729,7.378,-43.293,10.305,833.135,0.509,-0.705,0.262,-18.049,-37.134,57.012,19.475,-1252,1,1,1,1,1,0,7,10,3,10
2018-07-06T13:03:17.062703,0.087,0.552,-0.151,105.732,70.732,16.585,1164.021,-0.083,-0.019,0.271,-9.817,6.585,35.183,2.607,0.047,0.108,-0.014,-2.256,4.39,-3.049,897.61,0.002,0.048,-0.005,2.561,-35.244,-3.293,833.135,0.19,-0.65,0.343,19.329,-75.61,71.037,19.475,-1822,1,1,1,1,1,0,7,10,3,10
2018-07-06T13:03:17.104815,0.087,0.552,-0.151,80.854,35.976,50.366,1164.021,0.337,-0.07,-0.036,53.476,47.561,20.61,2.607,0.084,0.043,0.001,104.085,27.805,-17.744,897.61,0.189,-0.039,0.104,-29.268,4.634,-21.768,833.135,0.19,-0.65,0.343,-77.317,-11.951,91.524,19.475,16,1,1,1,1,1,0,7,10,3,10
2018-07-06T13:03:17.149938,-0.219,-0.1,-0.038,-66.037,42.134,57.927,1164.021,0.337,-0.07,-0.036,33.476,77.317,-11.951,2.607,0.084,0.043,0.001,-22.805,45.427,1.768,897.61,0.189,-0.039,0.104,-42.622,7.5,-35.549,833.135,0.18,-0.609,0.205,-143.902,78.171,1.22,19.475,432,1,1,1,1,1,0,7,10,3,10
2018-07-06T13:03:17.199071,-0.852,0.421,0.08,-86.28,45.427,74.39,1164.021,-0.18,-0.29,0.001,74.756,9.573,2.988,2.607,-0.163,-0.277,-0.369,-53.78,22.805,0.122,897.61,-0.063,0.034,-0.105,-18.598,22.439,-3.841,833.135,0.18,-0.609,0.205,-97.927,72.866,-39.146,19.475,356,1,1,1,1,1,0,7,10,3,10
2018-07-06T13:03:17.244695,-0.852,0.421,0.08,-58.78,27.5,119.085,1164.021,-0.067,-1.829,0.515,71.829,-36.463,36.707,2.607,-0.163,-0.277,-0.369,-10.671,10.061,-7.256,897.61,-0.063,0.034,-0.105,10.244,22.744,25.488,833.135,0.34,-0.457,-0.132,-1.28,-16.463,-129.024,19.475,-562,1,1,1,1,1,0,7,10,3,10
2018-07-06T13:03:17.292325,-2.171,0.447,-0.006,-7.927,18.232,38.72,1164.021,-0.067,-1.829,0.515,50.61,-133.232,-13.415,2.607,-0.371,-2.429,-0.501,-27.866,-5.122,20.854,897.61,-0.28,0.033,-0.031,36.89,17.378,-2.5,833.135,-1.575,4.173,-1.583,129.512,19.634,-211.403,19.475,648,1,1,1,1,1,0,7,10,3,10
2018-07-06T13:03:17.349480,-2.171,0.447,-0.006,34.146,25.549,-52.439,1164.021,0.158,-3.103,0.959,45.244,-64.085,-15.671,2.607,-0.463,-2.989,-0.417,23.598,32.561,-6.341,897.61,-2.035,0.128,-1.22,7.561,30.732,69.451,833.135,-1.575,4.173,-1.583,505,-37.012,-8.049,19.475,961,1,1,1,1,1,0,7,10,3,10
2018-07-06T13:03:17.402622,-2.088,0.156,-0.521,-44.207,-103.537,-66.28,1164.021,-0.169,-0.948,0.264,-111.89,-52.561,-53.415,2.607,-0.463,-2.989,-0.417,-80.244,28.78,-25,897.61,-2.035,0.128,-1.22,8.78,75.732,-0.488,833.135,-1.386,3.804,-1.091,126.646,-51.951,34.329,19.475,-226,1,1,1,1,1,0,7,10,3,10
2018-07-06T13:03:17.447822,-0.82,0.631,0.332,58.293,-97.439,-134.451,1164.021,-0.169,-0.948,0.264,-70.915,-69.207,-12.5,2.607,-0.224,-0.756,-0.395,-20.915,-24.512,-33.902,897.61,-2.956,0.228,-1.906,22.866,21.463,-5.671,833.135,0.757,-0.538,0.191,69.512,-55.122,-73.11,19.475,-78,1,1,1,1,1,0,7,10,3,10
2018-07-06T13:03:17.496452,-0.82,0.631,0.332,66.585,-9.146,-130.793,1164.021,-0.219,0.236,0.041,-63.476,25,12.988,2.607,0.115,0.422,-0.047,59.451,-55.366,24.878,897.61,-0.424,0.132,-0.427,-40.549,-47.622,25.122,833.135,0.757,-0.538,0.191,82.866,-14.39,-3.963,19.475,732,1,1,1,1,1,0,7,10,3,10
2018-07-06T13:03:17.549092,0.013,0.561,0.005,23.11,29.024,-29.878,1164.021,-0.219,0.236,0.041,-78.963,17.622,43.171,2.607,0.115,0.422,-0.047,-78.659,-12.5,18.598,897.61,-0.424,0.132,-0.427,-33.963,-34.024,11.768,833.135,0.509,-0.696,0.183,-34.695,-105.549,4.024,19.475,-1754,1,1,1,1,1,0,7,10,3,10
2018-07-06T13:03:17.589702,0.013,0.561,0.005,56.159,23.354,30.366,1164.021,0.428,-0.146,0.248,-12.5,-43.049,49.756,2.607,0.028,-0.12,-0.014,51.463,1.89,-11.951,897.61,0.253,0,0.21,-23.476,-12.866,-18.11,833.135,0.509,-0.696,0.183,-42.988,-77.073,138.598,19.475,-1685,1,1,1,1,1,0,7,10,3,10
2018-07-06T13:03:17.637329,-0.096,-0.032,-0.081,-129.085,18.232,45.732,1164.021,-0.206,-0.189,-0.07,55.427,35.61,-25.488,2.607,0.028,-0.12,-0.014,44.512,12.256,-8.841,897.61,0.253,0,0.21,-26.159,1.463,-30.915,833.135,0.321,-0.587,0.274,-143.171,128.415,157.134,19.475,66,1,1,1,1,1,0,7,10,3,10
2018-07-06T13:03:17.683954,-0.702,0.379,-0.065,-74.512,36.951,65.305,1164.021,-0.206,-0.189,-0.07,66.89,26.951,17.866,2.607,-0.121,-0.071,-0.237,-49.268,4.512,-1.22,897.61,-0.035,0.027,-0.119,-17.012,11.22,-14.573,833.135,0.321,-0.587,0.274,-14.39,47.378,-46.28,19.475,789,1,1,1,1,1,0,7,10,3,10
2018-07-06T13:03:17.731963,-0.702,0.379,-0.065,1.098,25.488,138.659,1164.021,-0.05,-1.212,0.183,72.073,2.134,57.683,2.607,-0.121,-0.071,-0.237,-18.11,-6.768,3.171,897.61,-0.035,0.027,-0.119,4.329,6.585,3.415,833.135,0.215,-0.188,0.058,15.854,45.183,-18.963,19.475,797,1,1,1,1,1,0,7,10,3,10
2018-07-06T13:03:17.776582,-2.189,0.383,-0.01,-9.512,29.817,66.463,1164.021,-0.05,-1.212,0.183,83.354,-72.378,25.61,2.607,-0.285,-1.736,-0.517,-29.207,-10.549,22.744,897.61,-0.088,-0.012,-0.069,35.122,11.341,-8.72,833.135,-1.254,3.665,-1.675,0.671,55.122,-104.939,19.475,-307,1,1,1,1,1,0,7,10,3,10
2018-07-06T13:03:17.835741,-2.189,0.383,-0.01,0.183,-16.159,-69.085,1164.021,0.31,-3.108,1.227,-12.988,9.085,-10,2.607,-0.418,-3.561,-0.509,-19.268,3.232,9.085,897.61,-1.482,0.068,-0.866,21.768,31.28,15.183,833.135,-1.254,3.665,-1.675,333.415,116.402,26.037,19.475,864,1,1,1,1,1,0,7,10,3,10
2018-07-06T13:03:17.885874,-2.185,0.182,-0.371,-41.524,-38.171,0.244,1164.021,-0.073,-1.682,0.565,-162.5,108.476,-14.939,2.607,-0.418,-3.561,-0.509,-21.463,49.207,9.085,897.61,-1.482,0.068,-0.866,27.439,9.39,-0.122,833.135,-1.598,3.718,-1.792,-27.073,116.646,43.171,19.475,1302,1,1,1,1,1,0,7,10,3,10
2018-07-06T13:03:17.931998,-1.202,0.273,0.24,2.5,-81.402,-110.183,1164.021,-0.073,-1.682,0.565,-151.768,28.11,-20.61,2.607,-0.361,-1.195,-0.401,74.146,-30.671,-14.634,897.61,-3.289,0.2,-1.9,-0.671,-18.598,15.244,833.135,0.599,-0.268,0.105,20.244,-90.915,-76.707,19.475,456,1,1,1,1,1,0,7,10,3,10
2018-07-06T13:03:17.996671,-1.202,0.273,0.24,90.61,-30.427,-123.902,1164.021,-0.106,0.14,-0.085,-29.939,28.537,2.378,2.607,0.126,0.627,-0.253,88.902,-40.793,-6.585,897.61,-0.982,0.13,-0.718,-18.72,-47.561,10.854,833.135,0.599,-0.268,0.105,84.878,-24.878,-7.256,19.475,-446,1,1,1,1,1,0,7,10,3,10
2018-07-06T13:03:18.051317,0.079,0.673,-0.004,92.317,46.037,25.427,1164.021,0.022,-0.038,0.134,-27.622,38.902,42.317,2.251,-0.049,-0.202,0.087,8.963,8.78,4.878,963.78,0.299,0.002,0.251,-19.451,-26.524,-11.22,947.107,0.651,-0.677,0.622,-133.476,-70.854,33.72,19.475,780,1,1,1,1,1,0,7,10,3,10
2018-07-06T13:03:18.093930,-0.059,-0.035,-0.132,10.915,5.366,8.415,1164.021,0.022,-0.038,0.134,27.744,32.317,24.329,2.251,-0.049,-0.202,0.087,124.39,-0.549,-8.171,963.78,0.299,0.002,0.251,-29.207,-12.622,-36.524,947.107,0.459,-0.598,0.292,-196.585,140.732,107.012,19.475,-2048,1,1,1,1,1,0,7,10,3,10
2018-07-06T13:03:18.135542,-0.059,-0.035,-0.132,-48.171,8.537,12.744,1164.021,0.082,-0.186,0.071,22.744,3.78,-14.39,2.251,-0.042,-0.007,-0.188,-41.768,15.488,-16.159,963.78,0.012,-0.017,-0.134,-44.085,-2.561,-28.598,947.107,0.459,-0.598,0.292,-92.561,120.854,40.122,19.475,-2048,1,1,1,1,1,0,7,10,3,10
2018-07-06T13:03:18.244834,-1.896,0.705,0.494,-79.207,25.244,143.049,1164.021,-0.116,-0.403,-0.017,79.512,-37.622,52.012,2.251,-0.197,-0.955,-0.55,8.659,-1.463,-15,963.78,-0.108,0.059,-0.045,5.732,-5.427,7.927,947.107,0.294,-0.264,-0.129,-12.134,43.598,-9.817,19.475,1074,1,1,1,1,1,0,7,10,3,10
2018-07-06T13:03:18.294968,-1.896,0.705,0.494,-24.146,3.11,-0.793,1164.021,0.162,-2.703,0.692,97.073,-107.927,-6.159,2.251,-0.276,-3.278,-0.339,-17.5,-53.963,15.915,963.78,-0.642,0.048,-0.288,15.549,11.524,-22.256,947.107,-0.003,0.979,-0.627,-10.671,-19.817,-179.878,19.475,1191,1,1,1,1,1,0,7,10,3,10
2018-07-06T13:03:18.344099,-2.138,0.24,-0.634,79.024,54.451,-44.512,1164.021,0.162,-2.703,0.692,82.439,-151.159,-23.537,2.251,-0.276,-3.278,-0.339,39.878,55.732,-6.037,963.78,-0.642,0.048,-0.288,-11.28,59.634,39.329,947.107,-2.871,6.01,-2.009,431.951,-110.427,-12.073,19.475,-476,1,1,1,1,1,0,7,10,3,10
2018-07-06T13:03:18.399748,-2.138,0.24,-0.634,-38.11,-62.622,-3.598,1164.021,0.034,-2.641,0.724,-146.402,86.22,-47.561,2.251,-0.369,-2.131,-0.33,-23.232,23.78,-0.244,963.78,-2.901,0.24,-1.693,-7.195,90.427,24.878,947.107,-2.871,6.01,-2.009,17.683,15.793,101.098,19.475,771,1,1,1,1,1,0,7,10,3,10
2018-07-06T13:03:18.459407,-1.706,-0.127,-0.042,72.561,-85.122,-118.781,1164.021,-0.298,-0.433,0.113,-93.171,-6.037,-28.598,2.251,-0.2,0.211,-0.374,34.817,-7.317,-7.805,963.78,-2.214,0.339,-1.28,11.402,-26.098,22.073,947.107,-0.045,0.631,-0.32,-16.402,-57.744,-13.049,19.475,241,1,1,1,1,1,0,7,10,3,10
2018-07-06T13:03:18.527590,-0.168,0.836,0.275,15.305,52.317,-9.634,1164.021,-0.151,0.036,0.157,-26.707,-4.573,2.683,2.251,-0.2,0.211,-0.374,77.378,-41.646,14.817,963.78,0.143,0.001,0.103,-33.232,-90.488,-4.451,947.107,0.674,-1.104,0.519,-33.659,49.146,5.671,19.475,-638,1,1,1,1,1,0,7,10,3,10
2018-07-06T13:03:18.573713,0.066,0.269,-0.126,70.122,36.89,37.256,1164.021,-0.151,0.036,0.157,-31.098,-59.756,41.585,2.251,0.086,-0.082,0.072,15.976,-8.537,-14.634,963.78,0.143,0.001,0.103,-10.61,-40.122,-22.317,947.107,0.317,-0.677,0.307,-97.927,17.012,93.902,19.475,1274,1,1,1,1,1,0,7,10,3,10
2018-07-06T13:03:18.621842,0.066,0.269,-0.126,-20.183,-4.451,18.293,1164.021,0.248,-0.057,0.13,38.476,0.183,24.939,2.251,-0.081,0.018,-0.031,92.988,2.927,-13.11,963.78,0.158,-0.002,-0.002,-6.89,26.341,-29.878,947.107,0.317,-0.677,0.307,-16.463,53.049,-17.866,19.475,-2048,1,1,1,1,1,0,7,10,3,10
2018-07-06T13:03:18.668466,-0.207,-0.032,-0.21,-101.463,31.89,35.854,1164.021,-0.191,-0.254,-0.068,39.207,-1.829,0.732,2.251,-0.081,0.018,-0.031,-41.707,-9.024,-5.61,963.78,0.158,-0.002,-0.002,-31.524,-3.598,-29.756,947.107,0.2,-0.314,0.049,-6.707,31.037,-32.744,19.475,-1934,1,1,1,1,1,0,7,10,3,10
2018-07-06T13:03:18.718470,-0.207,-0.032,-0.21,-86.463,58.902,56.341,1164.021,-0.191,-0.254,-0.068,54.085,9.268,46.22,2.251,-0.144,-0.566,-0.34,-23.963,-14.817,-10.061,963.78,-0.076,0.032,-0.141,-28.841,37.134,-11.768,947.107,0.2,-0.314,0.049,-9.512,38.72,-36.524,19.475,509,1,1,1,1,1,0,7,10,3,10
2018-07-06T13:03:18.766599,-1.543,0.736,0.354,-44.146,5.488,33.902,1164.021,0.283,-2.143,0.494,51.707,-37.988,24.207,2.251,-0.144,-0.566,-0.34,16.768,-5.122,3.841,963.78,-0.396,-0.062,-0.263,7.134,16.037,-26.951,947.107,-0.666,1.609,-0.636,10.366,40,-91.585,19.475,2047,1,1,1,1,1,0,7,10,3,10
2018-07-06T13:03:18.815730,-2.718,-0.008,-0.546,53.293,29.329,-113.902,1164.021,0.283,-2.143,0.494,65.427,-233.293,-52.988,2.251,-0.248,-3.297,-0.383,-63.598,6.768,1.28,963.78,-0.396,-0.062,-0.263,-9.939,50.61,3.72,947.107,-1.696,4.758,-1.469,256.342,-87.744,-11.28,19.475,1498,1,1,1,1,1,0,7,10,3,10
2018-07-06T13:03:18.855336,-2.718,-0.008,-0.546,1.037,-47.805,20.732,1164.021,0.085,-3.176,0.711,-40.549,21.524,-3.049,2.251,-0.431,-2.104,-0.341,12.805,30.366,-11.768,963.78,-2.905,0.264,-1.576,-18.171,90.427,26.402,947.107,-1.696,4.758,-1.469,50.488,61.524,-25.488,19.475,936,1,1,1,1,1,0,7,10,3,10
2018-07-06T13:03:18.903458,-1.462,0.095,0.066,-1.22,-118.842,-79.939,1164.021,-0.312,-0.3,0.026,-99.146,-28.659,-43.171,2.251,-0.431,-2.104,-0.341,-23.72,-23.598,-9.146,963.78,-2.905,0.264,-1.576,-5.305,1.585,-27.134,947.107,0.326,0.849,-0.094,-3.415,55.122,-24.207,19.475,-129,1,1,1,1,1,0,7,10,3,10
2018-07-06T13:03:18.949581,-1.462,0.095,0.066,81.098,-56.707,-145.122,1164.021,-0.312,-0.3,0.026,-100.976,64.329,-7.134,2.251,-0.059,0.287,-0.3,-28.78,-19.329,6.402,963.78,-2.216,0.244,-1.376,-28.354,-59.268,-0.61,947.107,0.326,0.849,-0.094,7.012,-7.134,-7.805,19.475,934,1,1,1,1,1,0,7,10,3,10
2018-07-06T13:03:18.996206,0.131,0.888,0.191,-4.695,20.549,-65.671,1164.021,0.023,0.058,0.28,-95.366,32.012,42.988,2.251,-0.059,0.287,-0.3,-19.268,-9.451,13.78,963.78,-2.216,0.244,-1.376,-37.134,-97.012,7.805,947.107,0.674,-0.769,0.548,-28.902,-2.012,40.671,19.475,308,1,1,1,1,1,0,7,10,3,10
2018-07-06T13:03:19.052356,-0.094,0.103,-0.21,57.134,65,67.073,1312.628,0.023,0.058,0.28,54.573,-101.402,37.256,2.251,-0.027,-0.015,-0.078,122.195,-6.463,-6.341,963.78,0.236,-0.068,0.227,-24.573,-40.488,-29.695,947.107,0.212,-0.487,0.394,-49.146,36.646,134.756,19.475,-434,1,1,1,1,1,0,7,10,3,10
2018-07-06T13:03:19.119536,-0.094,0.103,-0.21,-89.329,68.598,65.427,1312.628,0.191,-0.116,-0.043,71.402,89.634,-17.134,2.251,0.009,0.011,-0.025,7.256,1.89,-12.683,963.78,0.125,-0.046,0.031,-16.829,-1.28,-21.89,947.107,0.212,-0.487,0.394,-39.939,58.171,43.476,19.475,-107,1,1,1,1,1,0,7,10,3,10
2018-07-06T13:03:19.167664,-0.424,0.108,-0.112,-97.134,41.829,78.841,1312.628,-0.161,-0.232,-0.103,51.402,36.28,32.134,2.251,0.009,0.011,-0.025,-45.183,10.549,-7.622,963.78,-0.093,0.028,-0.042,-0.122,13.171,1.707,947.107,0.062,-0.104,0.111,-14.329,9.512,22.5,19.475,594,1,1,1,1,1,0,7,10,3,10
2018-07-06T13:03:19.215828,-1.838,0.7,0.299,-72.073,9.146,134.024,1312.628,0.158,-2.453,0.718,49.085,-97.805,13.902,2.251,-0.263,-1.053,-0.282,-11.707,1.463,22.134,963.78,-0.093,0.028,-0.042,19.512,17.805,-12.195,947.107,-0.274,2.664,-0.882,-26.524,9.817,-36.463,19.475,-2048,1,1,1,1,1,0,7,10,3,10
2018-07-06T13:03:19.262460,-1.838,0.7,0.299,-3.415,10.915,-50.061,1312.628,0.158,-2.453,0.718,77.073,-177.622,-57.561,2.251,-0.393,-3.508,-0.323,19.878,-25.976,37.927,963.78,-0.576,0.006,-0.273,15.427,20.671,9.207,947.107,-0.274,2.664,-0.882,153.232,6.159,-40.305,19.475,-2028,1,1,1,1,1,0,7,10,3,10
2018-07-06T13:03:19.314100,-2.546,0.098,-0.535,51.159,19.451,-40.549,1312.628,-0.136,-3.026,0.819,-60.549,95.61,-1.646,2.251,-0.393,-3.508,-0.323,-15,55.305,-1.768,963.78,-0.576,0.006,-0.273,24.756,77.622,51.768,947.107,-0.873,3.85,-1.575,95.549,23.78,54.451,19.475,-388,1,1,1,1,1,0,7,10,3,10
2018-07-06T13:03:19.361727,-2.546,0.098,-0.535,-52.927,-67.988,1.098,1312.628,-0.136,-3.026,0.819,-96.098,46.22,-18.171,2.251,-0.44,-1.716,-0.274,7.256,15,-15.915,963.78,-3.266,0.31,-1.589,32.805,-15.488,-9.024,947.107,-0.873,3.85,-1.575,-119.024,-53.598,-3.171,19.475,1545,1,1,1,1,1,0,7,10,3,10
2018-07-06T13:03:19.417877,-1.147,0.199,0.299,114.512,-33.11,-109.329,1312.628,-0.194,-0.247,0.101,-49.085,53.841,-20,2.251,0.065,0.368,-0.26,-5.122,-17.988,-13.293,963.78,-1.953,0.216,-1.054,-22.561,-71.768,15,947.107,0.491,-0.038,-0.251,82.134,7.866,84.512,19.475,1627,1,1,1,1,1,0,7,10,3,10
2018-07-06T13:03:19.465504,0.106,0.646,0.272,18.11,22.317,-39.634,1312.628,-0.031,0.151,0.032,-52.439,74.268,37.561,2.251,0.065,0.368,-0.26,-9.451,-15.854,1.402,963.78,-1.953,0.216,-1.054,-26.524,-82.622,17.012,947.107,0.14,-0.561,0.386,158.659,-9.085,81.768,19.475,1402,1,1,1,1,1,0,7,10,3,10
2018-07-06T13:03:19.513132,0.106,0.646,0.272,25.488,45.366,19.085,1312.628,-0.031,0.151,0.032,-5.854,7.012,70.488,2.251,-0.008,0.002,0.046,25.305,16.951,2.866,963.78,0.238,0.021,0.265,0.183,-68.537,8.598,947.107,0.14,-0.561,0.386,-73.476,-15.854,-43.78,19.475,-308,1,1,1,1,1,0,7,10,3,10
2018-07-06T13:03:19.671692,-0.531,0.538,-0.344,-22.073,73.72,94.268,1312.628,-0.258,-0.32,0.058,96.951,-19.939,75.793,2.251,-0.212,-0.894,-0.397,21.037,12.195,-4.451,963.78,-0.046,0.021,-0.09,-2.744,25.732,-12.805,947.107,0.154,-0.178,0.034,25.671,-24.817,-5.305,19.475,899,1,1,1,1,1,0,7,10,3,10
2018-07-06T13:03:19.713807,-1.738,0.703,0.144,-30.793,22.5,173.171,1312.628,0.079,-1.886,0.552,86.402,-21.89,67.073,2.251,-0.212,-0.894,-0.397,2.073,4.939,17.256,963.78,-0.046,0.021,-0.09,9.939,27.744,-12.561,947.107,0.113,2.014,-0.462,-12.378,-15.793,-9.451,19.475,-77,1,1,1,1,1,0,7,10,3,10
2018-07-06T13:03:19.766953,-1.738,0.703,0.144,-25.671,28.659,-22.744,1312.628,0.079,-1.886,0.552,104.085,-145.793,-42.073,2.251,-0.323,-3.235,-0.304,38.598,-45.671,31.402,963.78,-0.461,0.055,-0.204,-1.951,69.268,8.78,947.107,0.113,2.014,-0.462,19.634,-12.5,-86.89,19.475,456,1,1,1,1,1,0,7,10,3,10
2018-07-06T13:03:19.812075,-2.295,0.209,-0.564,-49.695,-63.476,-4.39,1312.628,0.021,-3.247,0.923,-134.817,103.598,-21.341,2.251,-0.242,-2.253,-0.327,-29.207,32.378,-16.037,963.78,-2.792,0.228,-1.729,7.256,103.354,7.866,947.107,-1.24,4.32,-1.357,188.171,123.11,-39.451,19.475,614,1,1,1,1,1,0,7,10,3,10
2018-07-06T13:03:19.854188,-1.614,0.093,-0.107,0.854,-114.024,-91.341,1312.628,-0.077,-0.857,0.21,-90.305,-66.524,-81.341,2.251,-0.242,-2.253,-0.327,-32.073,15.61,-21.829,963.78,-2.792,0.228,-1.729,19.024,29.695,-2.378,947.107,-1.24,4.32,-1.357,82.988,44.268,-9.329,19.475,-1834,1,1,1,1,1,0,7,10,3,10
2018-07-06T13:03:19.901258,-1.614,0.093,-0.107,93.415,-78.78,-164.268,1312.628,-0.077,-0.857,0.21,-73.11,-28.232,-53.902,2.251,-0.129,0.202,-0.285,-28.902,6.037,-4.512,963.78,-2.484,0.29,-1.616,-9.634,-25,-4.085,947.107,-0.045,0.683,-0.835,-100.854,-91.89,44.024,19.475,-2048,1,1,1,1,1,0,7,10,3,10
2018-07-06T13:03:19.953398,0.013,1.053,0.093,60.061,-0.915,-114.512,1312.628,-0.315,0.104,0.198,-102.622,64.024,-6.768,2.251,-0.129,0.202,-0.285,24.024,-25.366,14.39,963.78,-2.484,0.29,-1.616,-31.768,-56.463,-10.488,947.107,0.291,-0.779,0.137,-11.098,-25,85.488,19.475,-172,1,1,1,1,1,0,7,10,3,10
2018-07-06T13:03:19.994513,0.013,1.053,0.093,93.415,54.573,35.61,1312.628,-0.315,0.104,0.198,-40.427,-19.512,37.561,2.251,0.047,-0.024,0.018,-5.305,-0.732,7.622,963.78,0.113,-0.03,0.133,-33.476,-68.537,-18.78,947.107,0.291,-0.779,0.137,-114.939,16.28,-1.341,19.475,1882,1,1,1,1,1,0,7,10,3,10
2018-07-06T13:03:20.041638,-0.016,-0.008,-0.058,98.415,59.634,68.476,1312.628,0.308,-0.025,0.089,67.012,5.976,38.476,0,0.047,-0.024,0.018,78.537,15.549,-15.732,933.682,0.197,-0.069,0.023,-7.073,13.78,-18.598,936.337,0.279,-0.415,0.276,-82.866,-9.024,-72.683,29.766,1906,1,1,1,1,1,0,7,10,3,10
2018-07-06T13:03:20.090774,-0.016,-0.008,-0.058,-70.854,31.159,48.11,1312.628,-0.094,-0.145,-0.134,10.671,9.634,-20.793,0,-0.08,0.06,-0.01,-43.963,8.598,-5.244,933.682,0.197,-0.069,0.023,-9.512,5.976,-25.915,936.337,0.279,-0.415,0.276,-68.354,-66.037,39.512,29.766,-370,1,1,1,1,1,0,7,10,3,10
2018-07-06T13:03:20.133890,-0.18,-0.041,0.047,-53.537,44.573,49.695,1312.628,-0.094,-0.145,-0.134,14.207,44.451,22.988,0,-0.103,-0.253,-0.493,-17.744,10.488,-6.037,933.682,-0.094,0.064,-0.084,-8.72,22.683,-11.098,936.337,0.158,-0.165,0.208,-65.244,41.402,-20.488,29.766,1001,1,1,1,1,1,0,7,10,3,10
2018-07-06T13:03:20.181019,-1.79,0.687,0.326,-70.427,23.049,130.549,1312.628,-0.014,-1.058,0.154,60.427,-13.841,48.598,0,-0.103,-0.253,-0.493,-14.39,24.756,-2.927,933.682,-0.094,0.064,-0.084,-3.659,10.549,3.293,936.337,-0.027,1.063,-0.116,21.707,-1.646,-23.963,29.766,424,1,1,1,1,1,0,7,10,3,10
2018-07-06T13:03:20.236167,-1.79,0.687,0.326,-56.707,20.427,35.122,1312.628,-0.014,-1.058,0.154,120.915,-72.5,14.695,0,-0.305,-2.874,-0.335,-40.671,-10.122,19.451,933.682,-0.242,-0.057,0.02,13.171,13.598,0.183,936.337,-0.027,1.063,-0.116,92.439,3.841,-47.561,29.766,-551,1,1,1,1,1,0,7,10,3,10
2018-07-06T13:03:20.277281,-2.162,0.304,-0.49,54.756,19.695,-21.22,1312.628,0.164,-3.179,1.045,129.878,-148.11,-49.329,0,-0.305,-2.874,-0.335,-23.537,-21.341,15.427,933.682,-2.036,0.055,-1.148,53.537,57.317,3.476,936.337,-1.508,4.584,-0.968,195.488,-3.293,-40.976,29.766,-165,1,1,1,1,1,0,7,10,3,10
2018-07-06T13:03:20.322401,-2.162,0.304,-0.49,7.134,-33.598,-36.341,1312.628,-0.127,-1.793,0.566,-151.159,118.902,-49.939,0,-0.282,-2.95,-0.346,15.61,56.22,0.732,933.682,-2.036,0.055,-1.148,32.683,52.622,47.439,936.337,-1.508,4.584,-0.968,-150.854,42.195,-62.927,29.766,619,1,1,1,1,1,0,7,10,3,10
2018-07-06T13:03:20.385574,-1.738,0.086,0.094,66.524,-80.976,-130.427,1312.628,-0.127,-1.793,0.566,-115.427,28.72,-30.61,0,-0.28,-0.202,-0.331,-30.549,6.098,-0.854,933.682,-3.053,0.275,-1.949,-10.549,15.915,0.488,936.337,-0.247,1.625,-0.718,48.232,135.61,-116.585,29.766,-2048,1,1,1,1,1,0,7,10,3,10
2018-07-06T13:03:20.432699,-0.264,1.055,0.141,86.768,-10.854,-124.207,1312.628,-0.298,0.184,-0.01,-88.232,-17.866,11.22,0,-0.28,-0.202,-0.331,52.317,-40.915,8.354,933.682,-3.053,0.275,-1.949,-7.683,-44.146,4.939,936.337,0.74,-0.478,0.012,28.902,-271.768,5.427,29.766,-677,1,1,1,1,1,0,7,10,3,10
2018-07-06T13:03:20.479830,-0.264,1.055,0.141,75.61,21.646,-0.61,1312.628,0.076,-0.066,0.256,7.256,-43.232,24.512,0,0.019,0.181,-0.094,10.244,-33.72,13.232,933.682,-0.466,0.057,-0.224,-2.317,-84.146,1.768,936.337,0.74,-0.478,0.012,-1.22,22.5,-75.61,29.766,1769,1,1,1,1,1,0,7,10,3,10
2018-07-06T13:03:20.529965,0.033,0.255,-0.17,34.268,44.024,76.951,1312.628,0.076,-0.066,0.256,60.488,37.744,45.244,0,0.044,-0.006,0.075,119.573,0.549,-6.159,933.682,0.34,-0.073,0.111,7.5,6.707,-12.439,936.337,0.497,-0.308,0.447,129.085,-10.549,110.488,29.766,1719,1,1,1,1,1,0,7,10,3,10
2018-07-06T13:03:20.572580,0.033,0.255,-0.17,-73.78,49.146,75.671,1312.628,0.056,-0.132,-0.101,-3.171,71.098,27.378,0,0.044,-0.006,0.075,16.341,11.585,-4.512,933.682,0.34,-0.073,0.111,-18.11,18.11,-4.573,936.337,0.497,-0.308,0.447,25.549,33.171,57.622,29.766,149,1,1,1,1,1,0,7,10,3,10
2018-07-06T13:03:20.620210,-0.258,-0.245,0.034,-56.951,34.329,56.89,1312.628,0.056,-0.132,-0.101,0,26.098,28.293,0,-0.151,-0.146,-0.39,-41.159,7.012,-5.061,933.682,-0.049,0.03,-0.125,-9.146,11.341,-0.61,936.337,0.148,-0.195,0.391,-82.927,-23.293,56.707,29.766,764,1,1,1,1,1,0,7,10,3,10
2018-07-06T13:03:20.669343,-1.571,0.632,0.217,-70.549,28.049,106.159,1312.628,0.016,-0.629,0.058,45.976,-14.695,32.561,0,-0.151,-0.146,-0.39,-33.659,-1.585,3.537,933.682,-0.049,0.03,-0.125,20.976,34.878,-0.549,936.337,0.412,0.523,-0.467,-50.549,17.256,62.683,29.766,594,1,1,1,1,1,0,7,10,3,10
2018-07-06T13:03:20.712959,-1.571,0.632,0.217,-13.537,21.707,13.049,1312.628,0.016,-0.629,0.058,74.451,-34.695,22.866,0,-0.284,-2.515,-0.406,-40.61,-2.012,32.744,933.682,-0.197,0.029,0.047,8.171,2.866,35.61,936.337,0.412,0.523,-0.467,35.488,71.707,-6.951,29.766,9,1,1,1,1,1,0,7,10,3,10
2018-07-06T13:03:20.761088,-2.204,0.328,-0.549,42.622,35.061,-31.951,1312.628,-0.091,-3.023,1.009,45.244,11.707,3.476,0,-0.284,-2.515,-0.406,36.951,-24.329,34.268,933.682,-1.536,0.257,-0.949,24.634,37.073,40.793,936.337,-1.249,4.47,-2.543,510.671,125.976,38.537,29.766,-1318,1,1,1,1,1,0,7,10,3,10
2018-07-06T13:03:20.818744,-1.817,-0.032,-0.085,-73.659,-83.598,-41.585,1312.628,-0.224,-2.306,0.618,-108.171,49.512,-46.037,0,-0.496,-3.084,-0.252,-20.549,-1.402,-20.732,933.682,-1.536,0.257,-0.949,36.829,134.512,44.695,936.337,-1.249,4.47,-2.543,448.354,50.732,137.866,29.766,552,1,1,1,1,1,0,7,10,3,10
2018-07-06T13:03:20.869881,-1.817,-0.032,-0.085,20.061,-104.512,-108.415,1312.628,-0.224,-2.306,0.618,-87.866,-86.463,-54.939,0,-0.14,-0.477,-0.313,-26.402,-6.098,-24.817,933.682,-3.131,0.468,-1.919,9.634,15.183,-2.561,936.337,-0.482,1.318,-1.163,-218.537,-1.829,-52.927,29.766,-2048,1,1,1,1,1,0,7,10,3,10
2018-07-06T13:03:20.964136,-0.362,0.727,0.341,59.695,12.073,-64.695,1312.628,-0.084,0.003,0.161,-55.061,64.39,26.89,0,0.07,0.211,-0.112,8.293,-19.512,-5.671,933.682,-0.903,0.2,-0.488,-40.732,-91.951,-17.378,936.337,0.44,-0.467,0.391,-101.707,-9.634,92.683,29.766,1330,1,1,1,1,1,0,7,10,3,10
2018-07-06T13:03:21.012766,0.111,0.379,-0.129,62.134,20.061,11.89,1263.72,-0.084,0.003,0.161,-2.5,-16.951,51.463,0,-0.092,-0.035,-0.004,77.927,17.256,-7.5,933.682,0.341,-0.029,0.215,-36.28,-55,-44.146,936.337,0.307,-0.682,0.399,-154.329,22.378,164.329,29.766,1762,1,1,1,1,1,0,7,10,3,10
2018-07-06T13:03:21.056382,0.111,0.379,-0.129,13.476,2.683,21.402,1263.72,0.137,-0.137,0.111,50.122,-5.854,12.439,0,-0.092,-0.035,-0.004,33.963,5.061,-11.524,933.682,0.341,-0.029,0.215,-35.183,18.293,-44.878,936.337,0.307,-0.682,0.399,-79.451,63.171,65.976,29.766,1405,1,1,1,1,1,0,7,10,3,10
2018-07-06T13:03:21.104010,-0.206,-0.115,-0.057,-81.768,33.11,53.963,1263.72,0.137,-0.137,0.111,50.061,71.951,-11.28,0,-0.093,-0.141,-0.26,-19.451,-6.524,-15.427,933.682,0.015,0.015,-0.091,-17.195,-19.756,-25.305,936.337,0.13,-0.321,0.219,-23.354,8.537,2.134,29.766,-302,1,1,1,1,1,0,7,10,3,10
2018-07-06T13:03:21.154146,-1.536,0.815,0.244,-65.305,32.073,138.842,1263.72,-0.17,-0.37,-0.076,79.207,-10.366,47.866,0,-0.093,-0.141,-0.26,-2.073,3.963,-11.463,933.682,-0.083,-0.015,-0.036,5.549,8.415,-7.5,936.337,0.217,0.444,-0.118,-21.341,-1.89,-12.5,29.766,706,1,1,1,1,1,0,7,10,3,10
2018-07-06T13:03:21.198264,-1.536,0.815,0.244,-25.671,7.134,63.049,1263.72,-0.062,-2.836,0.771,85.915,-78.598,5.244,0,-0.344,-2.193,-0.447,9.024,17.927,14.085,933.682,-0.083,-0.015,-0.036,10.244,9.329,-5.244,936.337,0.217,0.444,-0.118,-4.817,-38.659,-59.146,29.766,307,1,1,1,1,1,0,7,10,3,10
2018-07-06T13:03:21.244392,-2.106,0.3,-0.421,22.012,51.524,-9.939,1263.72,-0.062,-2.836,0.771,102.744,-95.854,-15.854,0,-0.344,-2.193,-0.447,8.78,-29.756,29.085,933.682,-1.379,-0.024,-0.786,22.927,63.11,-4.695,936.337,-0.483,4.692,-1.327,244.451,26.768,-128.842,29.766,-764,1,1,1,1,1,0,7,10,3,10
2018-07-06T13:03:21.293523,-2.106,0.3,-0.421,66.585,14.207,5.61,1263.72,0.027,-2.453,0.552,-63.902,21.646,-26.707,0,-0.343,-3.153,-0.355,0.976,-0.061,-11.89,933.682,-1.379,-0.024,-0.786,58.963,127.805,6.585,936.337,-0.483,4.692,-1.327,169.512,77.5,26.159,29.766,-1676,1,1,1,1,1,0,7,10,3,10
2018-07-06T13:03:21.338648,-1.726,0.112,-0.2,-73.659,-100.183,-79.512,1263.72,0.027,-2.453,0.552,-139.146,-9.146,-37.683,0,-0.11,-0.502,-0.273,-46.22,-9.756,-11.341,933.682,-3.239,0.145,-1.874,30.915,11.524,5.549,936.337,-0.085,1.68,-1.029,-135.305,-37.378,-9.756,29.766,937,1,1,1,1,1,0,7,10,3,10
2018-07-06T13:03:21.385774,-0.354,1.037,0.234,117.134,-33.171,-139.329,1263.72,-0.085,-0.16,0.107,-99.024,10.61,-24.085,0,-0.11,-0.502,-0.273,-28.537,-24.512,4.39,933.682,-3.239,0.145,-1.874,-6.829,-42.622,-4.268,936.337,0.221,-0.559,0.016,123.781,-21.585,145.183,29.766,-2048,1,1,1,1,1,0,7,10,3,10
2018-07-06T13:03:21.438922,-0.354,1.037,0.234,85.61,13.963,-30.122,1263.72,-0.095,0,0.431,-42.927,39.573,20.122,0,0.076,0.18,-0.174,7.439,-13.72,4.329,933.682,-0.996,0.083,-0.63,-27.5,-86.524,2.622,936.337,0.221,-0.559,0.016,139.207,-45.915,100.915,29.766,-802,1,1,1,1,1,0,7,10,3,10
2018-07-06T13:03:21.481034,0.005,0.297,-0.123,66.28,75.854,95.854,1263.72,-0.095,0,0.431,66.341,26.89,54.451,0,0.076,0.18,-0.174,-13.963,17.012,4.695,933.682,0.386,-0.01,0.268,-23.232,-34.695,-1.951,936.337,0.113,-0.327,0.278,-139.39,-28.049,-19.817,29.766,2047,1,1,1,1,1,0,7,10,3,10
2018-07-06T13:03:21.527160,0.005,0.297,-0.123,-58.598,71.585,97.134,1263.72,0.084,-0.078,-0.181,66.28,33.963,27.744,0,-0.089,0.006,0.095,37.195,9.451,-5.488,933.682,0.386,-0.01,0.268,-18.415,21.159,7.866,936.337,0.113,-0.327,0.278,-189.329,-9.939,-68.659,29.766,1923,1,1,1,1,1,0,7,10,3,10
2018-07-06T13:03:21.574288,-0.254,-0.19,-0.029,-96.707,36.951,61.22,1263.72,0.084,-0.078,-0.181,11.22,15.793,6.341,0,-0.141,-0.168,-0.33,-45.915,-1.402,-6.829,933.682,0.06,0.034,-0.128,-17.683,13.232,13.72,936.337,0.209,-0.53,0.157,-130.61,50.427,81.707,29.766,945,1,1,1,1,1,0,7,10,3,10
2018-07-06T13:03:21.618408,-0.254,-0.19,-0.029,-60.976,39.451,63.476,1263.72,-0.074,-0.391,-0.027,29.939,16.341,31.89,0,-0.141,-0.168,-0.33,-40.244,-1.768,1.585,933.682,0.06,0.034,-0.128,-1.89,22.195,13.78,936.337,0.209,-0.53,0.157,-123.902,84.207,46.159,29.766,307,1,1,1,1,1,0,7,10,3,10
2018-07-06T13:03:21.665424,-1.739,0.431,0.31,-40.549,21.707,-3.963,1263.72,0.015,-2.9,0.913,80.427,-119.268,-12.5,0,-0.307,-2.554,-0.401,-26.28,-16.098,22.439,933.682,-0.177,0.006,-0.02,3.415,20,10.488,936.337,0.298,0.202,-0.07,43.902,0.732,-29.878,29.766,408,1,1,1,1,1,0,7,10,3,10
2018-07-06T13:03:21.720575,-2.222,0.332,-0.568,41.402,28.659,-34.756,1263.72,0.015,-2.9,0.913,69.634,-73.72,-27.439,0,-0.307,-2.554,-0.401,-4.451,-36.768,20,933.682,-1.661,0.098,-0.813,25.549,34.451,5.305,936.337,-0.891,4.634,-2.257,541.524,29.451,-209.817,29.766,-645,1,1,1,1,1,0,7,10,3,10
2018-07-06T13:03:21.761686,-2.222,0.332,-0.568,-4.512,-22.012,-0.732,1263.72,-0.029,-2.471,0.673,-83.476,60.427,-35.61,0,-0.286,-3.084,-0.33,-25,25.61,-7.683,933.682,-1.661,0.098,-0.813,55.732,69.085,27.561,936.337,-0.891,4.634,-2.257,702.622,-59.39,32.439,29.766,-934,1,1,1,1,1,0,7,10,3,10
2018-07-06T13:03:21.809815,-1.709,-0.013,0.062,-65.427,-109.756,-85.305,1263.72,-0.029,-2.471,0.673,-141.037,3.476,-40.61,0,-0.125,-0.296,-0.374,-24.207,-1.707,-12.195,933.682,-3.201,0.311,-1.734,-12.256,10.427,7.378,936.337,-0.014,1.261,-1.366,-108.232,-51.707,23.171,29.766,342,1,1,1,1,1,0,7,10,3,10
2018-07-06T13:03:21.855942,-1.709,-0.013,0.062,79.573,-85.976,-151.402,1263.72,-0.108,-0.129,0.006,-104.451,-19.939,-30.671,0,-0.125,-0.296,-0.374,-2.866,-18.78,8.78,933.682,-3.201,0.311,-1.734,15.61,-46.402,-1.159,936.337,-0.014,1.261,-1.366,-369.268,-33.659,-45.183,29.766,-1150,1,1,1,1,1,0,7,10,3,10
2018-07-06T13:03:21.907079,-0.131,0.949,0.262,85.427,29.573,-5.732,1263.72,-0.004,-0.037,0.287,-46.22,52.439,25.244,0,0.058,0.167,-0.148,11.402,-7.805,9.207,933.682,-0.883,0.156,-0.42,-16.89,-76.585,-6.768,936.337,0.393,-0.898,0.125,-120.915,21.646,61.037,29.766,-2048,1,1,1,1,1,0,7,10,3,10
2018-07-06T13:03:21.948193,0.055,0.186,-0.144,71.22,38.72,55.427,1263.72,-0.004,-0.037,0.287,37.866,23.72,43.171,0,0.058,0.167,-0.148,19.634,20.915,-3.415,933.682,0.301,-0.037,0.223,-23.049,-29.512,-16.28,936.337,0.387,-0.469,0.118,-85.61,-108.902,45.244,29.766,-1173,1,1,1,1,1,0,7,10,3,10
2018-07-06T13:03:22.003341,0.055,0.186,-0.144,-50.183,22.012,46.28,1263.72,0.013,-0.056,-0.006,62.988,8.963,6.524,0,-0.109,0.03,0.025,84.207,21.585,-15.122,824.727,0.301,-0.037,0.223,-25.427,8.598,-7.317,854.897,0.387,-0.469,0.118,-26.768,39.573,-12.195,31.611,2047,1,1,1,1,1,0,7,10,3,10
2018-07-06T13:03:22.043453,-0.303,-0.198,0.087,-101.89,36.28,58.72,1263.72,0.013,-0.056,-0.006,48.537,25.427,3.232,0,-0.109,0.03,0.025,0.671,8.171,-5.488,824.727,0.044,0.03,-0.102,-16.524,-2.866,-10.183,854.897,0.195,-0.173,0.223,-55.305,92.622,-43.78,31.611,1729,1,1,1,1,1,0,7,10,3,10
2018-07-06T13:03:22.087570,-0.303,-0.198,0.087,-97.927,42.134,59.756,1263.72,-0.179,-0.324,-0.125,59.939,11.707,39.512,0,-0.146,-0.1,-0.292,-7.683,-0.976,-6.22,824.727,0.044,0.03,-0.102,4.939,24.634,-1.829,854.897,0.195,-0.173,0.223,3.902,-37.622,-8.232,31.611,1234,1,1,1,1,1,0,7,10,3,10
2018-07-06T13:03:22.136706,-1.631,0.961,0.162,-67.927,18.476,114.817,1263.72,0.02,-2.488,0.864,90.122,-64.939,28.72,0,-0.324,-2.394,-0.497,-60.122,9.512,30.671,824.727,-0.096,-0.033,-0.028,17.5,13.537,-1.22,854.897,0.307,0.618,-0.506,46.829,-10.854,3.11,31.611,-411,1,1,1,1,1,0,7,10,3,10
2018-07-06T13:03:22.180824,-1.631,0.961,0.162,63.537,27.927,43.598,1263.72,0.02,-2.488,0.864,110.549,-115.549,-31.402,0,-0.324,-2.394,-0.497,-23.415,-40.671,54.146,824.727,-0.096,-0.033,-0.028,16.951,23.293,-4.39,854.897,0.307,0.618,-0.506,105.854,-30.366,-40.244,31.611,672,1,1,1,1,1,0,7,10,3,10
2018-07-06T13:03:22.229457,-2.332,0.265,-0.698,-27.683,-36.707,12.866,1263.72,0.131,-2.763,0.919,-48.11,-2.378,-8.963,0,-0.221,-3.199,-0.543,-13.476,-4.756,-18.72,824.727,-1.344,-0.023,-0.804,22.805,125.244,2.195,854.897,-1.125,4.133,-3.572,745.305,106.342,41.951,31.611,331,1,1,1,1,1,0,7,10,3,10
2018-07-06T13:03:22.339256,-1.57,0.061,-0.015,78.72,-90,-101.951,1263.72,-0.041,-0.269,0.025,-68.293,8.72,-12.805,0,-0.048,-0.472,-0.328,2.012,-4.024,-11.463,824.727,-3.241,0.132,-1.91,12.622,-33.049,-10,854.897,-0.727,0.485,-1.225,-458.293,69.878,-41.22,31.611,707,1,1,1,1,1,0,7,10,3,10
2018-07-06T13:03:22.385380,-0.031,0.783,0.175,11.646,19.512,-36.707,1263.72,-0.276,0.096,-0.015,-52.561,61.646,10,0,-0.054,0.343,-0.134,59.817,-15.244,17.5,824.727,-1.085,0.081,-0.621,-0.915,-79.512,12.439,854.897,0.341,-0.704,0.187,-252.561,-124.878,43.902,31.611,-2048,1,1,1,1,1,0,7,10,3,10
2018-07-06T13:03:22.433010,-0.04,0.115,-0.138,3.049,20.122,15.793,1263.72,-0.276,0.096,-0.015,-49.939,63.841,53.78,0,-0.054,0.343,-0.134,3.963,6.707,30.122,824.727,0.299,-0.037,0.233,-17.012,-29.329,0.305,854.897,0.35,-0.548,0.297,-191.281,60.671,-12.012,31.611,-1684,1,1,1,1,1,0,7,10,3,10
2018-07-06T13:03:22.481642,-0.04,0.115,-0.138,-83.963,-0.732,15,1263.72,0.285,-0.198,0.198,24.024,-42.744,29.451,0,0.001,-0.046,-0.003,40.549,26.646,0.671,824.727,0.299,-0.037,0.233,-4.512,13.78,-7.561,854.897,0.35,-0.548,0.297,-79.878,-21.402,-144.695,31.611,-889,1,1,1,1,1,0,7,10,3,10
2018-07-06T13:03:22.526765,-0.269,0.031,-0.093,-122.134,25.061,22.805,1263.72,-0.235,-0.323,-0.036,44.817,63.841,18.537,0,-0.112,-0.174,-0.275,-28.293,19.085,-7.927,824.727,0.028,0.004,-0.089,14.207,-7.439,-14.451,854.897,0.331,-0.355,0.264,62.744,-122.5,-24.39,31.611,1112,1,1,1,1,1,0,7,10,3,10
2018-07-06T13:03:22.571888,-0.269,0.031,-0.093,-87.805,37.439,51.037,1263.72,-0.235,-0.323,-0.036,100.488,-19.024,49.817,0,-0.112,-0.174,-0.275,-17.195,27.561,0.366,824.727,0.028,0.004,-0.089,12.744,12.012,12.134,854.897,0.331,-0.355,0.264,47.5,11.037,0.244,31.611,2047,1,1,1,1,1,0,7,10,3,10
2018-07-06T13:03:22.627539,-1.868,0.693,0.393,-5.122,38.171,21.89,1263.72,-0.229,-2.194,0.68,118.72,-12.317,57.805,0,-0.389,-2.333,-0.52,-23.415,27.134,34.146,824.727,-0.096,0.011,-0.041,20.122,-7.317,19.085,854.897,0.283,0.65,-0.504,13.902,8.902,-55.549,31.611,364,1,1,1,1,1,0,7,10,3,10
2018-07-06T13:03:22.666145,-1.868,0.693,0.393,-5.122,38.171,21.89,1263.72,-0.229,-2.194,0.68,66.463,-12.805,12.866,0,-0.389,-2.333,-0.52,24.817,-33.659,48.232,824.727,-1.172,0.091,-0.859,7.805,45.305,24.207,854.897,0.283,0.65,-0.504,-22.134,-62.683,-119.573,31.611,1218,1,1,1,1,1,0,7,10,3,10
2018-07-06T13:03:22.714273,-2.026,0.356,-0.609,17.378,-20.671,2.683,1263.72,0.012,-2.704,0.908,0.488,-10.244,-6.341,0,-0.356,-3.028,-0.43,11.524,-4.756,-19.329,824.727,-1.172,0.091,-0.859,30.671,117.439,42.988,854.897,-1.911,5.13,-3.092,252.439,136.707,168.11,31.611,582,1,1,1,1,1,0,7,10,3,10
2018-07-06T13:03:22.760401,-1.768,-0.063,-0.084,-78.902,-126.646,-67.378,1263.72,0.012,-2.704,0.908,-122.561,17.622,-91.037,0,-0.356,-3.028,-0.43,-14.451,-6.098,-17.744,824.727,-3.075,0.448,-1.831,27.683,30.061,8.902,854.897,-0.71,0.89,-0.773,-219.146,131.342,97.195,31.611,280,1,1,1,1,1,0,7,10,3,10
2018-07-06T13:03:22.807527,-1.768,-0.063,-0.084,50.976,-88.841,-124.512,1263.72,-0.104,-0.846,0.107,-52.805,-62.073,-31.646,0,-0.148,-0.824,-0.391,14.085,-5.671,-20.061,824.727,-3.075,0.448,-1.831,-7.561,-16.585,-28.049,854.897,-0.71,0.89,-0.773,-218.293,15.793,24.573,31.611,-963,1,1,1,1,1,0,7,10,3,10
2018-07-06T13:03:22.853654,-0.132,0.766,0.235,100.549,-2.195,-100.366,1263.72,-0.26,0.182,0.033,-27.378,19.573,-25.183,0,0.017,0.435,-0.14,97.683,-30.183,9.573,824.727,-1.438,0.119,-0.817,-23.902,-40,-18.415,854.897,0.351,-0.88,0.351,-88.11,-37.073,57.805,31.611,-483,1,1,1,1,1,0,7,10,3,10
2018-07-06T13:03:22.910807,0.014,0.14,-0.136,90.183,22.256,14.207,1263.72,-0.26,0.182,0.033,-39.024,52.805,42.073,0,0.017,0.435,-0.14,-36.22,5.915,15.61,824.727,0.291,-0.06,0.253,0.549,-73.476,-20.61,854.897,0.351,-0.88,0.351,-118.963,36.159,105.732,31.611,-1885,1,1,1,1,1,0,7,10,3,10
2018-07-06T13:03:22.947911,0.014,0.14,-0.136,90.183,22.256,14.207,1263.72,0.221,-0.121,0.191,13.171,-13.72,37.378,0,-0.042,-0.099,0.1,25.671,16.646,-6.159,824.727,0.291,-0.06,0.253,-4.451,-3.11,-28.415,854.897,0.193,-0.73,0.309,-80.122,-19.939,89.512,31.611,-1019,1,1,1,1,1,0,7,10,3,10
2018-07-06T13:03:22.994035,-0.251,-0.083,-0.021,-62.927,18.659,23.415,1263.72,0.221,-0.121,0.191,35.854,5.122,-24.268,0,-0.042,-0.099,0.1,53.232,-2.439,-15.305,824.727,0.078,-0.021,-0.1,-19.024,18.354,-36.524,854.897,0.124,-0.415,0.237,-23.232,51.28,-20,31.611,2047,1,1,1,1,1,0,7,10,3,10
2018-07-06T13:03:23.042169,-0.251,-0.083,-0.021,-70.305,44.573,42.439,1166.604,-0.081,-0.233,-0.013,80.488,13.659,24.695,0,-0.062,-0.065,-0.305,-5.427,14.207,-14.146,824.727,0.078,-0.021,-0.1,-2.439,-0.549,-25.549,854.897,0.124,-0.415,0.237,-19.878,29.268,-17.805,31.611,1624,1,1,1,1,1,1,7,10,3,10
2018-07-06T13:03:23.089296,-1.394,0.971,0.235,-50,66.768,108.293,1166.604,-0.112,-1.378,0.21,100.427,-15.915,36.22,0,-0.361,-1.702,-0.496,-13.476,10.183,2.439,824.727,-0.122,0,0.018,24.451,2.439,11.402,854.897,0.254,0.256,-0.407,90.488,18.354,-24.634,31.611,896,1,1,1,1,1,1,7,10,3,10
2018-07-06T13:03:23.135421,-1.394,0.971,0.235,-44.268,-14.939,102.988,1166.604,-0.112,-1.378,0.21,92.073,-98.11,-18.78,0,-0.361,-1.702,-0.496,-35.671,-41.402,47.256,824.727,-0.122,0,0.018,45.854,-5.732,19.329,854.897,0.254,0.256,-0.407,224.024,-42.195,-82.256,31.611,-455,1,1,1,1,1,1,7,10,3,10
2018-07-06T13:03:23.186561,-2.421,0.152,-0.252,38.659,32.073,-110.061,1166.604,0.162,-3.265,1.062,16.037,-89.329,-12.988,0,-0.357,-3.323,-0.454,11.22,-30.427,15.183,824.727,-0.801,-0.11,-0.363,73.415,48.841,33.11,854.897,-0.426,3.959,-2.794,335.671,-31.829,-165.854,31.611,386,1,1,1,1,1,1,7,10,3,10
2018-07-06T13:03:23.229177,-2.421,0.152,-0.252,49.817,15.61,-27.561,1166.604,0.162,-3.265,1.062,-49.146,93.841,-8.963,0,-0.357,-3.323,-0.454,-10.305,42.744,-11.951,824.727,-3.071,0.043,-1.662,76.585,20.427,18.049,854.897,-0.426,3.959,-2.794,159.39,50,16.585,31.611,28,1,1,1,1,1,1,7,10,3,10
2018-07-06T13:03:23.275804,-1.667,0.051,-0.217,34.939,-97.5,-95,1166.604,-0.073,-1.21,0.36,-107.866,-21.341,-24.146,0,-0.146,-1.179,-0.298,-29.329,10.366,-22.439,824.727,-3.071,0.043,-1.662,-2.744,-34.878,6.098,854.897,-0.25,1.677,-1.524,-108.354,-111.159,-6.463,31.611,-1364,1,1,1,1,1,1,7,10,3,10
2018-07-06T13:03:23.323935,-0.257,0.898,0.253,77.073,-20.793,-119.756,1166.604,-0.198,0.234,-0.046,-83.841,43.537,10.061,0,-0.048,0.542,-0.328,60.549,-16.463,13.841,824.727,-1.946,-0.05,-0.985,3.476,-65.793,42.012,854.897,0.426,-0.661,0.028,-155.183,-63.598,21.768,31.611,876,1,1,1,1,1,1,7,10,3,10
2018-07-06T13:03:23.369058,-0.257,0.898,0.253,84.634,16.646,-42.317,1166.604,-0.198,0.234,-0.046,-58.11,6.098,21.22,0,-0.048,0.542,-0.328,-18.598,-41.707,23.963,824.727,-1.946,-0.05,-0.985,29.939,-84.939,65.061,854.897,0.426,-0.661,0.028,-54.634,84.024,-56.585,31.611,-327,1,1,1,1,1,1,7,10,3,10
2018-07-06T13:03:23.417186,0,0.296,-0.046,67.744,28.293,47.927,1166.604,0.377,-0.13,0.167,-10.915,-7.439,39.878,0,0.157,-0.224,-0.017,-50.915,-6.037,-0.732,824.727,0.25,0.136,0.197,9.695,-27.5,35.854,854.897,0.21,-0.441,0.265,-92.622,-53.415,-14.451,31.611,-2048,1,1,1,1,1,1,7,10,3,10
2018-07-06T13:03:23.469331,0,0.296,-0.046,-30.244,1.951,48.476,1166.604,0.377,-0.13,0.167,70.427,20.976,8.476,0,0.157,-0.224,-0.017,104.634,14.329,-9.512,824.727,0.114,0.1,0.048,17.561,-3.293,5.122,854.897,0.21,-0.441,0.265,-112.744,-125.427,31.707,31.611,-453,1,1,1,1,1,1,7,10,3,10
2018-07-06T13:03:23.512446,-0.234,-0.063,0.013,-84.634,21.646,45.366,1166.604,-0.105,-0.164,-0.028,46.768,50,24.024,0,-0.127,0.059,-0.141,12.195,26.402,7.134,824.727,0.114,0.1,0.048,-5.732,3.415,3.171,854.897,0.274,-0.507,0.255,-124.207,111.768,161.281,31.611,1526,1,1,1,1,1,1,7,10,3,10
2018-07-06T13:03:23.557571,-1.639,0.429,0.076,36.341,15.122,126.159,1166.604,-0.185,-1.389,0.431,70.183,34.146,42.988,0,-0.127,0.059,-0.141,-74.634,25.488,16.22,824.727,-0.042,0.027,-0.1,4.024,19.024,-0.061,854.897,0.115,0.528,-0.375,106.707,-33.963,-54.573,31.611,1221,1,1,1,1,1,1,7,10,3,10
2018-07-06T13:03:23.604697,-1.639,0.429,0.076,-0.976,43.78,5.549,1166.604,-0.185,-1.389,0.431,97.134,-75.854,-0.427,0,-0.4,-1.755,-0.446,-3.78,-12.012,46.037,824.727,-0.042,0.027,-0.1,9.207,24.695,-6.22,854.897,0.115,0.528,-0.375,45.854,-12.378,-98.72,31.611,1108,1,1,1,1,1,1,7,10,3,10
2018-07-06T13:03:23.790831,-1.597,-0.008,0.086,7.256,-95.915,-125.671,1166.604,0.001,0.169,0.009,-81.646,43.354,-0.732,0,-0.241,-1.147,-0.365,40.549,-15.793,-12.622,824.727,-2.052,0.258,-1.082,-20.183,-74.939,14.329,854.897,-0.149,1.158,-1.125,-253.903,-50.976,51.951,31.611,1271,1,1,1,1,1,1,7,10,3,10
2018-07-06T13:03:23.837962,-0.357,0.813,0.247,55.854,16.707,-35.915,1166.604,0.001,0.169,0.009,-27.012,34.817,0.549,0,0.061,0.566,-0.27,82.927,-15.61,4.939,824.727,-2.052,0.258,-1.082,-8.354,-92.134,15,854.897,0.304,-1.021,0.078,56.22,-64.329,100.427,31.611,679,1,1,1,1,1,1,7,10,3,10
2018-07-06T13:03:23.889099,0.083,0.218,-0.184,80.305,48.232,32.073,1166.604,0.033,-0.12,0.116,-15,67.988,41.159,0,-0.064,-0.161,0.017,-2.317,23.963,-1.037,824.727,0.271,0.004,0.189,7.622,-91.28,3.659,854.897,0.068,-0.31,0.199,-38.78,-3.232,83.293,31.611,-179,1,1,1,1,1,1,7,10,3,10
2018-07-06T13:03:23.932718,0.083,0.218,-0.184,-15.305,3.354,22.256,1166.604,0.033,-0.12,0.116,33.293,19.024,14.146,0,-0.064,-0.161,0.017,93.841,8.598,-8.902,824.727,0.125,-0.009,0.029,9.512,3.171,-43.293,854.897,0.068,-0.31,0.199,-115.732,43.049,-35.854,31.611,624,1,1,1,1,1,1,7,10,3,10
2018-07-06T13:03:23.979345,-0.24,-0.115,-0.022,-84.878,19.817,28.476,1166.604,0.045,-0.174,-0.041,34.268,29.756,-4.573,0,-0.017,0.034,-0.232,-14.817,13.415,-2.317,824.727,0.125,-0.009,0.029,-11.646,2.866,-23.78,854.897,0.221,-0.298,0.279,-96.22,64.878,-127.317,31.611,91,1,1,1,1,1,1,7,10,3,10
2018-07-06T13:03:24.027476,-0.24,-0.115,-0.022,-91.159,45.61,51.28,1166.604,-0.101,-0.674,0.213,92.195,-11.037,63.659,2.251,-0.017,0.034,-0.232,-24.207,19.207,-5.427,689.435,-0.077,0.007,-0.026,2.317,18.598,-10.732,817.607,0.221,-0.298,0.279,-7.012,52.012,-16.341,95.089,-2048,1,1,1,1,1,1,7,10,3,10
2018-07-06T13:03:24.071597,-1.433,0.876,0.197,-97.5,43.659,125.122,1166.604,-0.101,-0.674,0.213,117.134,-9.695,59.024,2.251,-0.298,-1.288,-0.351,-5,30.61,-0.61,689.435,-0.077,0.007,-0.026,5.183,22.5,-9.939,817.607,0.116,-0.009,-0.172,32.927,41.159,-17.622,95.089,-828,1,1,1,1,1,1,7,10,3,10
2018-07-06T13:03:24.118723,-2.111,0.415,-0.421,34.024,44.939,-2.561,1166.604,-0.088,-2.986,1.103,142.561,-156.342,-32.744,2.251,-0.298,-1.288,-0.351,-15.122,15.488,33.232,689.435,-0.327,0.089,-0.1,-1.585,19.939,-1.341,817.607,-0.796,3.466,-3.344,409.695,-30.366,-105.61,95.089,1372,1,1,1,1,1,1,7,10,3,10
2018-07-06T13:03:24.171869,-2.111,0.415,-0.421,36.707,2.622,-30.366,1166.604,-0.088,-2.986,1.103,-15.122,-23.232,-2.317,2.251,-0.578,-3.442,-0.492,-33.902,-7.561,-20.122,689.435,-2.838,0.084,-1.622,-21.524,161.402,7.866,817.607,-0.796,3.466,-3.344,531.707,-24.756,11.159,95.089,1158,1,1,1,1,1,1,7,10,3,10
2018-07-06T13:03:24.213981,-1.93,-0.073,-0.271,-65.732,-98.963,-43.841,1166.604,0.061,-2.127,0.692,-148.902,43.476,-33.659,2.251,-0.198,-1.597,-0.38,2.622,-8.902,-34.085,689.435,-2.838,0.084,-1.622,16.646,37.073,7.439,817.607,-0.584,1.792,-1.98,-131.22,-97.683,50.061,95.089,1170,1,1,1,1,1,1,7,10,3,10
2018-07-06T13:03:24.260109,-1.93,-0.073,-0.271,-4.878,-108.11,-113.902,1166.604,0.061,-2.127,0.692,-140.366,3.476,-65.732,2.251,-0.198,-1.597,-0.38,22.622,0.366,-27.439,689.435,-2.562,0.173,-1.413,17.683,-59.756,11.463,817.607,-0.584,1.792,-1.98,-459.817,-68.232,-24.512,95.089,-838,1,1,1,1,1,1,7,10,3,10
2018-07-06T13:03:24.310243,-0.371,0.639,0.338,73.537,-22.622,-118.232,1166.604,-0.197,0.158,-0.045,-44.146,48.72,1.22,2.251,-0.046,0.517,-0.186,38.902,-7.561,-4.695,689.435,-2.562,0.173,-1.413,-19.39,-63.72,0.671,817.607,0.563,-0.645,-0.047,-309.512,-8.354,-68.415,95.089,1509,1,1,1,1,1,1,7,10,3,10
2018-07-06T13:03:24.354363,-0.371,0.639,0.338,-11.341,30.854,-57.622,1166.604,-0.007,-0.093,0.105,-53.78,61.402,36.28,2.251,-0.046,0.517,-0.186,9.146,-18.171,15.244,689.435,0.09,0.036,0.04,-17.317,-64.878,2.805,817.607,0.563,-0.645,-0.047,-51.22,21.646,5,95.089,900,1,1,1,1,1,1,7,10,3,10
2018-07-06T13:03:24.401489,0.046,0.277,-0.041,70.732,-3.78,15.366,1166.604,-0.007,-0.093,0.105,28.841,-39.695,31.341,2.251,-0.042,-0.083,-0.005,51.524,19.024,-12.073,689.435,0.09,0.036,0.04,-19.817,-24.878,1.098,817.607,0.377,-0.547,0.217,-73.72,28.537,-22.866,95.089,324,1,1,1,1,1,1,7,10,3,10
2018-07-06T13:03:24.496243,-0.177,0.089,-0.019,-90.061,45.061,58.354,1166.604,0.174,-0.099,0.072,67.805,45.732,-30.793,2.251,-0.029,-0.054,-0.171,-32.683,7.256,-0.061,689.435,-0.041,0.009,-0.105,-18.415,21.524,-25.671,817.607,0.357,-0.288,0.292,-23.293,71.28,27.622,95.089,470,1,1,1,1,1,1,7,10,3,10
2018-07-06T13:03:24.558408,-1.371,0.778,0.059,-71.037,52.012,121.098,1166.604,-0.229,-0.47,0.1,59.329,37.805,62.622,2.251,-0.33,-1.114,-0.383,3.598,-14.695,30.183,689.435,-0.041,0.009,-0.105,-13.659,25.305,-10.976,817.607,0.15,0.321,-0.248,29.146,38.415,-24.451,95.089,-2048,1,1,1,1,1,1,7,10,3,10
2018-07-06T13:03:24.603531,-2.209,0.211,-0.33,11.707,23.476,-72.622,1166.604,0.215,-2.942,1.023,84.146,-141.707,-23.232,2.251,-0.37,-3.292,-0.431,-9.268,-50.976,31.463,689.435,-0.332,0.058,-0.167,-7.744,26.585,-4.207,817.607,-1.326,4.406,-2.538,233.963,44.878,-3.293,95.089,-2048,1,1,1,1,1,1,7,10,3,10
2018-07-06T13:03:24.652663,-2.209,0.211,-0.33,19.512,4.268,27.866,1166.604,0.215,-2.942,1.023,106.22,-134.512,-16.341,2.251,-0.37,-3.292,-0.431,-34.268,26.098,-17.012,689.435,-2.462,0.163,-1.344,-7.866,63.049,11.951,817.607,-1.326,4.406,-2.538,274.817,108.781,56.098,95.089,-797,1,1,1,1,1,1,7,10,3,10
2018-07-06T13:03:24.696785,-1.645,0.184,-0.266,-66.768,-78.11,-28.171,1166.604,0.017,-2.208,0.665,-189.634,6.098,-35.915,2.251,-0.351,-1.753,-0.345,6.89,5.488,-23.841,689.435,-2.462,0.163,-1.344,-19.878,37.134,-18.232,817.607,-0.586,1.719,-1.201,-76.951,70.305,71.89,95.089,1689,1,1,1,1,1,1,7,10,3,10
2018-07-06T13:03:24.743910,-1.645,0.184,-0.266,-39.756,-98.537,-139.695,1166.604,-0.177,-0.144,-0.032,-151.037,7.195,0.366,2.251,-0.351,-1.753,-0.345,-21.341,-25.061,-15.061,689.435,-2.704,0.135,-1.65,-8.171,-12.988,-22.195,817.607,-0.586,1.719,-1.201,-230.427,-23.537,23.049,95.089,1750,1,1,1,1,1,1,7,10,3,10
2018-07-06T13:03:24.797056,-0.677,0.768,0.275,51.89,-49.329,-145.671,1166.604,-0.177,-0.144,-0.032,-121.463,17.866,8.963,2.251,-0.061,0.436,-0.278,14.085,-33.902,5.671,689.435,-2.704,0.135,-1.65,-34.146,-34.695,-19.756,817.607,0.423,-0.768,0.122,-107.744,-25.732,53.72,95.089,791,1,1,1,1,1,1,7,10,3,10
2018-07-06T13:03:24.837163,-0.677,0.768,0.275,23.171,-8.415,-86.524,1166.604,0.088,-0.109,0.422,-65.427,-6.098,12.622,2.251,-0.061,0.436,-0.278,2.927,-30.671,8.11,689.435,-0.099,0.029,-0.024,-28.598,-69.39,-23.293,817.607,0.423,-0.768,0.122,54.207,-38.841,161.524,95.089,-552,1,1,1,1,1,1,7,10,3,10
2018-07-06T13:03:24.884295,0.133,0.415,-0.167,15.854,78.659,87.805,1166.604,0.088,-0.109,0.422,44.268,-38.354,22.744,2.251,0.064,-0.144,-0.038,90.366,17.317,-14.634,689.435,-0.099,0.029,-0.024,-20.244,-42.744,-27.988,817.607,0.125,-0.494,0.378,-143.598,94.695,-90.732,95.089,1169,1,1,1,1,1,1,7,10,3,10
2018-07-06T13:03:24.933427,-0.344,-0.283,-0.073,-62.073,77.378,88.293,1166.604,0.128,-0.119,-0.134,51.28,137.683,9.634,2.251,-0.077,0.016,-0.066,33.537,27.256,-7.378,689.435,0.178,-0.091,0.151,-22.012,5.488,-21.098,817.607,0.191,-0.476,0.25,-135.915,67.866,-96.341,95.089,162,1,1,1,1,1,1,7,10,3,10
2018-07-06T13:03:24.979552,-0.344,-0.283,-0.073,-48.415,46.951,85.976,1166.604,-0.198,-0.29,0.011,62.256,-4.939,47.5,2.251,-0.077,0.016,-0.066,-59.451,19.329,0.793,689.435,-0.031,0.009,-0.092,-23.902,7.134,3.963,817.607,0.191,-0.476,0.25,-26.829,61.524,-42.073,95.089,-101,1,1,1,1,1,1,7,10,3,10
2018-07-06T13:03:25.086656,-2.165,0.314,-0.526,34.024,31.159,-52.683,1124.777,-0.037,-2.895,1.004,80.61,-141.159,-19.817,2.251,-0.436,-3.316,-0.424,-2.927,-47.988,30.183,689.435,-0.254,-0.024,-0.072,7.5,34.207,27.927,817.607,-1.437,4.88,-2.574,89.207,-54.207,-152.561,95.089,-2048,1,1,1,1,1,1,7,10,3,10
2018-07-06T13:03:25.148823,-2.165,0.314,-0.526,25.915,11.22,-4.634,1124.777,0.077,-2.403,0.797,-86.402,52.439,-17.134,2.251,-0.436,-3.316,-0.424,17.988,6.646,-25.427,689.435,-2.475,0.061,-1.468,47.439,101.89,34.451,817.607,-1.437,4.88,-2.574,514.878,-29.878,-63.354,95.089,721,1,1,1,1,1,1,7,10,3,10
2018-07-06T13:03:25.197961,-1.76,-0.034,-0.244,-72.622,-94.817,-20.427,1124.777,0.077,-2.403,0.797,-114.207,-33.537,-88.598,2.251,-0.308,-1.715,-0.306,-29.085,-13.841,-28.293,689.435,-2.475,0.061,-1.468,40.061,56.585,11.037,817.607,-0.757,2.178,-1.323,128.293,17.073,128.598,95.089,1255,1,1,1,1,1,1,7,10,3,10
2018-07-06T13:03:25.244084,-0.414,0.672,0.359,66.402,-30.549,-109.451,1124.777,-0.182,-0.246,0.069,-77.744,-58.598,-35.305,2.251,-0.013,0.37,-0.318,23.78,-9.756,-14.268,689.435,-2.641,0.153,-1.643,6.28,-27.927,27.927,817.607,0.493,-1.215,0.159,-203.781,-2.378,58.598,95.089,1497,1,1,1,1,1,1,7,10,3,10
2018-07-06T13:03:25.294222,-0.414,0.672,0.359,-34.939,23.963,-76.22,1124.777,-0.028,-0.047,0.003,-66.28,58.293,20.488,2.251,-0.013,0.37,-0.318,24.817,-32.134,2.378,689.435,-0.166,0.072,-0.107,-8.476,-51.341,30,817.607,0.493,-1.215,0.159,85.488,-180.122,139.817,95.089,-1062,1,1,1,1,1,1,7,10,3,10
2018-07-06T13:03:25.338340,0.024,0.41,0.077,-42.073,33.72,11.22,1124.777,-0.028,-0.047,0.003,-59.024,52.744,55.305,2.251,0.046,-0.083,-0.054,-57.073,1.585,4.695,689.435,-0.166,0.072,-0.107,-2.866,-39.573,31.585,817.607,0.266,-0.627,0.306,-34.268,-22.988,-42.378,95.089,1428,1,1,1,1,1,1,7,10,3,10
2018-07-06T13:03:25.387476,0.024,0.41,0.077,25.854,3.598,45.61,1124.777,0.233,-0.062,0.22,107.073,-19.024,35.488,2.251,0.046,-0.083,-0.054,45.366,24.695,0.061,689.435,0.124,0.009,0.221,1.524,11.341,17.683,817.607,0.266,-0.627,0.306,-115.122,24.634,-64.756,95.089,882,1,1,1,1,1,1,7,10,3,10
2018-07-06T13:03:25.437610,-0.224,-0.055,-0.101,-0.61,12.988,46.585,1124.777,0.233,-0.062,0.22,107.012,26.768,-24.024,2.251,-0.102,-0.072,-0.01,-29.634,4.817,-5.427,689.435,0.124,0.009,0.221,14.451,14.39,-4.878,817.607,0.285,-0.362,0.303,-97.012,17.988,-40.732,95.089,-102,1,1,1,1,1,1,7,10,3,10
2018-07-06T13:03:25.480226,-0.224,-0.055,-0.101,-36.037,28.476,53.659,1124.777,-0.168,-0.25,0.048,63.902,-18.537,-14.939,2.251,-0.228,-0.994,-0.321,12.256,12.744,-4.085,689.435,0,0.032,-0.124,-2.683,21.159,-8.11,817.607,0.285,-0.362,0.303,-102.683,88.841,-60.793,95.089,-662,1,1,1,1,1,1,7,10,3,10
2018-07-06T13:03:25.525851,-1.585,0.654,0.091,38.232,27.927,38.293,1124.777,-0.114,-2.497,1.009,80.732,30.854,23.963,2.251,-0.228,-0.994,-0.321,-12.805,14.878,36.28,689.435,-0.087,0.06,-0.294,23.841,43.902,-10.976,817.607,0.077,0.026,-0.123,24.207,6.585,-70.61,95.089,1297,1,1,1,1,1,1,7,10,3,10
2018-07-06T13:03:25.575984,-1.932,0.304,-0.5,17.134,69.878,18.171,1124.777,-0.114,-2.497,1.009,139.878,-114.573,31.768,2.251,-0.532,-3.225,-0.501,-10.854,-9.329,44.268,689.435,-0.087,0.06,-0.294,1.037,59.817,-8.11,817.607,-2.143,4.905,-2.29,164.817,-65.183,-86.22,95.089,363,1,1,1,1,1,1,7,10,3,10
2018-07-06T13:03:25.620606,-1.932,0.304,-0.5,13.537,-10.061,30.488,1124.777,0.147,-2.416,0.892,-9.939,-16.037,-41.098,2.251,-0.532,-3.225,-0.501,26.463,8.963,-21.037,689.435,-1.874,0.004,-1.708,-19.024,101.707,2.012,817.607,-2.143,4.905,-2.29,262.561,28.354,-56.402,95.089,-2048,1,1,1,1,1,1,7,10,3,10
2018-07-06T13:03:25.668735,-1.739,0.132,-0.155,-57.5,-85.427,-69.39,1124.777,0.147,-2.416,0.892,-199.085,89.634,-78.537,2.251,-0.281,-1.96,-0.447,5.244,4.695,-25.244,689.435,-1.874,0.004,-1.708,15.305,77.927,5,817.607,-0.91,2.136,-1.204,-21.037,104.878,125.854,95.089,-2048,1,1,1,1,1,1,7,10,3,10
2018-07-06T13:03:25.721877,-1.739,0.132,-0.155,-24.085,-89.817,-126.037,1124.777,-0.157,-0.715,0.18,-98.232,-101.768,1.098,2.251,-0.104,0.257,-0.368,11.28,-35.427,-15.427,689.435,-2.561,0.32,-2.24,-35.671,-15.061,-25.305,817.607,-0.91,2.136,-1.204,-148.293,38.72,106.463,95.089,950,1,1,1,1,1,1,7,10,3,10
2018-07-06T13:03:25.770006,-0.625,0.648,0.445,31.341,21.768,-74.573,1124.777,-0.019,0.087,0.042,-51.463,-19.756,5.732,2.251,-0.104,0.257,-0.368,73.963,-57.988,10.122,689.435,-0.391,0.112,-0.225,-69.268,-22.561,-28.963,817.607,0.298,-1.001,0.278,-24.268,61.768,176.22,95.089,973,1,1,1,1,1,1,7,10,3,10
2018-07-06T13:03:25.808609,0.089,0.33,-0.025,54.024,46.28,33.72,1124.777,-0.019,0.087,0.042,-32.683,61.768,40.854,2.251,0.169,0.066,-0.008,-27.195,-16.707,14.329,689.435,-0.391,0.112,-0.225,-68.171,-36.646,10.549,817.607,0.162,-0.698,0.445,25.427,-22.622,99.573,95.089,1504,1,1,1,1,1,1,7,10,3,10
2018-07-06T13:03:25.855734,0.089,0.33,-0.025,41.341,11.646,49.207,1124.777,0.299,-0.076,0.122,52.744,-32.622,21.707,2.251,0.169,0.066,-0.008,10.732,21.22,-4.695,689.435,0.079,-0.07,0.273,-16.707,46.524,-3.293,817.607,0.162,-0.698,0.445,-64.085,40.061,-43.598,95.089,-195,1,1,1,1,1,1,7,10,3,10
2018-07-06T13:03:25.902198,-0.208,-0.068,-0.037,-21.22,2.988,35.061,1124.777,0.299,-0.076,0.122,78.72,43.415,-28.78,2.251,-0.178,0.049,-0.029,21.829,25.305,-13.902,689.435,0.079,-0.07,0.273,7.805,51.829,-46.951,817.607,0.151,-0.412,0.22,-88.963,68.476,-85.915,95.089,1190,1,1,1,1,1,1,7,10,3,10
2018-07-06T13:03:25.948322,-0.208,-0.068,-0.037,-80.976,22.805,41.402,1124.777,-0.28,-0.235,-0.022,80.122,-22.134,-29.573,2.251,-0.178,0.049,-0.029,-52.927,1.89,-8.293,689.435,0.032,0.032,-0.157,8.537,48.78,-83.841,817.607,0.151,-0.412,0.22,-12.683,23.354,-66.585,95.089,797,1,1,1,1,1,1,7,10,3,10
2018-07-06T13:03:26.007485,-1.308,0.725,0.019,-87.073,34.39,102.927,1124.777,0.007,-1.882,0.734,94.695,-1.524,50.915,3.673,-0.162,-0.709,-0.427,-11.707,-4.939,17.927,960.091,-0.101,-0.021,-0.167,0.854,30.488,2.012,247.529,0.064,-0.185,-0.005,38.232,-3.72,-84.085,69.049,-245,1,1,1,1,1,1,7,10,3,10
2018-07-06T13:03:26.058621,-2.145,0.3,-0.461,19.39,68.354,-42.5,1124.777,0.007,-1.882,0.734,101.037,-99.024,9.817,3.673,-0.396,-3.27,-0.523,-29.939,-34.817,47.439,960.091,-0.101,-0.021,-0.167,-4.695,12.5,-9.085,247.529,-2.489,3.803,-2.411,-3.841,-39.939,-206.037,69.049,667,1,1,1,1,1,1,7,10,3,10
2018-07-06T13:03:26.102744,-2.145,0.3,-0.461,13.78,3.293,-3.171,1124.777,0.375,-2.706,1.271,55.793,-110.793,-2.256,3.673,-0.396,-3.27,-0.523,-19.451,-4.329,6.098,960.091,-1.195,-0.034,-1.653,-15.244,55.244,-2.988,247.529,-2.489,3.803,-2.411,364.634,-47.988,-223.903,69.049,-194,1,1,1,1,1,1,7,10,3,10
2018-07-06T13:03:26.151876,-2.01,-0.004,-0.145,-56.22,-56.524,-6.707,1124.777,0.375,-2.706,1.271,-156.402,104.451,-33.476,3.673,-0.29,-2.435,-0.549,31.402,15.976,-10.854,960.091,-1.195,-0.034,-1.653,20.732,64.756,26.098,247.529,-1.134,3.181,-1.554,208.293,93.78,-30.549,69.049,-2048,1,1,1,1,1,1,7,10,3,10
2018-07-06T13:03:26.199006,-2.01,-0.004,-0.145,-25.61,-93.598,-76.22,1124.777,0.013,-1.242,0.419,-59.024,-54.268,-12.195,3.673,-0.193,0.148,-0.407,55,-4.573,-28.72,960.091,-2.374,0.055,-2.632,7.683,-84.756,-13.415,247.529,-1.134,3.181,-1.554,-314.451,78.537,-4.329,69.049,-942,1,1,1,1,1,1,7,10,3,10
2018-07-06T13:03:26.245129,-0.623,0.35,0.489,81.951,-70.427,-83.598,1124.777,-0.244,0.18,-0.024,37.988,-20.915,-8.354,3.673,-0.193,0.148,-0.407,106.402,-49.451,-15.305,960.091,-0.375,0.036,-0.734,-6.585,82.5,-6.829,247.529,0.785,-0.574,0.295,-145.183,-42.195,-2.439,69.049,1837,1,1,1,1,1,1,7,10,3,10
2018-07-06T13:03:26.295268,0.154,0.274,0.049,23.537,40.549,10.549,1124.777,-0.244,0.18,-0.024,-21.951,117.744,47.744,3.673,0.099,0.205,0.047,-9.268,-16.098,-7.866,960.091,-0.375,0.036,-0.734,-13.232,118.72,9.634,247.529,0.551,-0.957,0.419,-93.841,-8.902,121.037,69.049,1554,1,1,1,1,1,1,7,10,3,10
2018-07-06T13:03:26.340388,0.154,0.274,0.049,-32.256,-19.939,-29.695,1124.777,0.259,0.044,-0.02,-54.695,59.634,72.317,3.673,0.099,0.205,0.047,-19.512,8.049,-3.415,960.091,-0.048,0.008,0.099,16.341,100.305,10.244,247.529,0.551,-0.957,0.419,-177.683,114.268,93.902,69.049,1248,1,1,1,1,1,1,7,10,3,10
2018-07-06T13:03:26.416595,-0.117,0.166,-0.192,-89.207,-5.061,-17.805,1124.777,-0.105,-0.194,0.223,30.244,-17.683,-31.402,3.673,-0.061,-0.058,0.044,-14.512,-7.988,-9.817,960.091,-0.006,0.054,-0.196,-13.72,29.695,-13.78,247.529,0.323,-0.503,0.207,58.049,-42.927,-57.561,69.049,804,1,1,1,1,1,1,7,10,3,10
2018-07-06T13:03:26.464224,-1.006,0.859,-0.118,-9.756,43.963,81.524,1124.777,-0.105,-0.194,0.223,77.378,16.037,8.293,3.673,-0.114,-0.316,-0.178,-22.927,13.902,-3.415,960.091,-0.006,0.054,-0.196,1.28,33.354,-5.061,247.529,0.154,-0.019,-0.027,0.915,-15.366,-22.317,69.049,594,1,1,1,1,1,1,7,10,3,10
2018-07-06T13:03:26.509849,-1.006,0.859,-0.118,-22.195,20.854,166.829,1124.777,-0.148,-1.036,0.311,107.622,-27.683,5.61,3.673,-0.114,-0.316,-0.178,41.707,17.988,1.585,960.091,0.001,-0.021,-0.209,4.573,4.695,0.793,247.529,0.154,-0.019,-0.027,21.951,-45.671,-22.195,69.049,-45,1,1,1,1,1,1,7,10,3,10
2018-07-06T13:03:26.558980,-2.25,0.186,-0.081,-20.061,51.037,2.439,1124.777,0.416,-3.02,1.1,130.671,-133.72,-22.134,3.673,-0.395,-2.709,-0.702,-77.805,-15.976,44.451,960.091,-0.597,-0.146,-1.27,22.561,-64.268,-1.585,247.529,-1.658,4.108,-1.831,37.561,-45,-74.268,69.049,-1915,1,1,1,1,1,1,7,10,3,10
2018-07-06T13:03:26.611124,-1.823,0.2,-0.486,-7.805,-42.073,-14.39,1124.777,0.416,-3.02,1.1,10.305,-37.805,9.024,3.673,-0.346,-2.866,-0.623,26.585,23.659,-12.866,960.091,-0.597,-0.146,-1.27,24.451,-72.5,5.549,247.529,-2.03,3.297,-1.35,66.341,132.5,113.659,69.049,168,1,1,1,1,1,1,7,10,3,10
2018-07-06T13:03:26.657247,-1.823,0.2,-0.486,-73.537,-112.5,-104.878,1124.777,0.024,-1.768,0.586,-189.329,66.585,-60.488,3.673,-0.346,-2.866,-0.623,0.793,5.122,-15.61,960.091,-1.919,-0.069,-2.815,-7.317,12.317,17.927,247.529,-2.03,3.297,-1.35,-94.817,91.951,103.232,69.049,-2048,1,1,1,1,1,1,7,10,3,10
2018-07-06T13:03:26.698361,-0.854,0.456,0.391,39.268,-69.756,-122.5,1124.777,0.024,-1.768,0.586,-151.342,53.841,-16.646,3.673,-0.18,-0.375,-0.286,-23.72,-5.549,-14.451,960.091,-1.919,-0.069,-2.815,4.085,-19.817,-15.244,247.529,0.207,-0.825,0.283,-81.463,-19.268,9.024,69.049,-1490,1,1,1,1,1,1,7,10,3,10
2018-07-06T13:03:26.746490,-0.854,0.456,0.391,64.695,4.634,-86.89,1124.777,-0.199,0.196,0.12,-20.122,-27.5,-6.89,3.673,-0.18,-0.375,-0.286,71.159,-14.207,-8.902,960.091,-0.833,0.028,-1.333,8.415,25.61,8.049,247.529,0.207,-0.825,0.283,-4.39,4.939,22.561,69.049,1874,1,1,1,1,1,1,7,10,3,10
2018-07-06T13:03:26.791616,0.049,0.636,-0.112,41.098,55.976,2.378,1124.777,0.033,-0.109,0.177,-59.024,88.049,43.476,3.673,0.084,0.479,0.058,87.5,-40.183,8.049,960.091,-0.833,0.028,-1.333,14.817,79.878,15.976,247.529,0.428,-0.8,0.429,-59.512,-68.232,29.146,69.049,2026,1,1,1,1,1,1,7,10,3,10
2018-07-06T13:03:26.838742,0.049,0.636,-0.112,86.037,37.805,57.195,1124.777,0.033,-0.109,0.177,36.341,-28.72,50.183,3.673,-0.019,-0.171,0.049,3.72,24.146,-9.878,960.091,0.118,-0.05,-0.01,15.366,12.195,9.085,247.529,0.428,-0.8,0.429,-157.073,-96.768,77.195,69.049,1356,1,1,1,1,1,1,7,10,3,10
2018-07-06T13:03:26.904923,-0.117,-0.044,-0.123,-81.585,43.232,46.28,1124.777,0.186,-0.014,0.013,41.159,-0.244,-33.354,3.673,-0.019,-0.171,0.049,33.049,25,-6.89,960.091,0.063,0.042,-0.106,-27.622,-9.268,-12.073,247.529,0.298,-0.733,0.094,-30.61,30.854,-119.695,69.049,-417,1,1,1,1,1,1,7,10,3,10
2018-07-06T13:03:26.949042,-1.146,0.309,0.347,-91.707,56.768,66.22,1124.777,-0.304,-1.021,0.258,73.963,-67.805,22.866,3.673,-0.204,-0.199,-0.348,-39.939,7.561,-1.22,960.091,0.063,0.042,-0.106,-21.951,4.573,1.098,247.529,0.189,-0.146,0.035,50.549,-33.72,-116.463,69.049,507,1,1,1,1,1,1,7,10,3,10
2018-07-06T13:03:26.995167,-1.146,0.309,0.347,-40.732,22.744,74.39,1124.777,-0.304,-1.021,0.258,84.939,-22.744,4.207,3.673,-0.354,-2.703,-0.538,-52.012,-22.927,48.171,960.091,-0.104,0.031,-0.154,-5.427,-41.463,20.793,247.529,0.189,-0.146,0.035,28.78,0.61,-87.195,69.049,473,1,1,1,1,1,1,7,10,3,10
2018-07-06T13:03:27.044298,-2.101,0.202,-0.202,6.585,36.951,9.695,1058.976,0.349,-2.604,1.4,138.781,-107.988,9.085,3.673,-0.354,-2.703,-0.538,-37.927,-17.744,31.463,960.091,-0.493,-0.027,-1.096,-2.622,-62.317,12.561,247.529,-1.892,3.312,-1.065,24.512,-41.707,-195.061,69.049,-769,1,1,1,1,1,0,7,10,3,10
2018-07-06T13:03:27.087915,-2.101,0.202,-0.202,63.232,33.902,11.463,1058.976,0.349,-2.604,1.4,36.89,-47.622,10,3.673,-0.372,-2.996,-0.532,14.39,18.841,-9.939,960.091,-0.493,-0.027,-1.096,-2.134,-18.963,-2.073,247.529,-1.892,3.312,-1.065,194.939,-50.366,-106.402,69.049,-171,1,1,1,1,1,0,7,10,3,10
2018-07-06T13:03:27.136545,-1.987,0.171,-0.45,-53.049,-86.28,-64.268,1058.976,0.017,-2.037,0.724,-207.744,89.817,-58.963,3.673,-0.372,-2.996,-0.532,13.72,-11.402,-22.5,960.091,-1.935,0.081,-2.741,-10.793,22.439,-2.195,247.529,-2.363,4.16,-1.077,-145.366,111.342,124.756,69.049,163,1,1,1,1,1,0,7,10,3,10
2018-07-06T13:03:27.196706,-0.893,0.314,0.296,29.512,-77.866,-97.134,1058.976,-0.105,-0.054,-0.014,-77.805,-51.22,5.671,3.673,-0.235,-0.396,-0.434,82.988,-35.427,-18.11,960.091,-0.956,0.216,-1.481,-29.146,4.634,11.22,247.529,0.439,-0.695,0.155,23.232,7.744,57.805,69.049,-2048,1,1,1,1,1,0,7,10,3,10
2018-07-06T13:03:27.245335,-0.893,0.314,0.296,45.244,0.061,-85.732,1058.976,-0.105,-0.054,-0.014,-32.744,-23.415,7.012,3.673,0.091,0.412,0.058,60.244,-36.768,4.878,960.091,-0.956,0.216,-1.481,-22.561,112.195,4.207,247.529,0.439,-0.695,0.155,44.085,-17.073,26.159,69.049,-821,1,1,1,1,1,0,7,10,3,10
2018-07-06T13:03:27.290958,0.116,0.639,-0.038,-45.427,50.61,-9.451,1058.976,-0.042,0.006,0.151,-56.098,96.098,38.72,3.673,0.091,0.412,0.058,-38.415,14.817,7.256,960.091,-0.056,-0.012,0.013,-11.22,77.073,3.049,247.529,0.445,-0.776,0.322,-7.683,13.659,4.634,69.049,1360,1,1,1,1,1,0,7,10,3,10
2018-07-06T13:03:27.340594,-0.122,-0.002,-0.049,14.756,19.39,36.829,1058.976,0.231,-0.043,0.108,46.829,7.927,1.524,3.673,-0.047,-0.074,0.04,40.061,12.927,-8.963,960.091,-0.056,-0.012,0.013,30.61,11.585,-2.5,247.529,0.464,-0.47,0.188,-55.671,-60.244,103.476,69.049,1531,1,1,1,1,1,0,7,10,3,10
2018-07-06T13:03:27.385714,-0.122,-0.002,-0.049,-50.61,36.585,53.841,1058.976,0.231,-0.043,0.108,28.902,93.171,-30.366,3.673,-0.047,-0.074,0.04,32.5,12.5,-12.683,960.091,0.074,-0.029,-0.139,-11.28,-44.146,-35.488,247.529,0.464,-0.47,0.188,-96.707,29.634,154.756,69.049,801,1,1,1,1,1,0,7,10,3,10
2018-07-06T13:03:27.432341,-0.843,0.59,-0.003,-70.427,45.061,63.902,1058.976,-0.147,-0.443,-0.079,68.11,11.646,5.427,3.673,-0.077,-0.166,-0.265,-40.366,3.293,-6.22,960.091,-0.05,0.053,-0.148,-3.232,-11.037,1.768,247.529,0.182,-0.478,0.112,-50.061,108.537,45.305,69.049,-886,1,1,1,1,1,0,7,10,3,10
2018-07-06T13:03:27.483477,-0.843,0.59,-0.003,-18.537,12.561,142.622,1058.976,-0.147,-0.443,-0.079,55.061,11.402,34.817,3.673,-0.355,-2.346,-0.5,-20.122,2.378,18.11,960.091,-0.05,0.053,-0.148,-15.488,-51.463,18.659,247.529,0.182,-0.478,0.112,74.634,-28.598,-58.415,69.049,1761,1,1,1,1,1,0,7,10,3,10
2018-07-06T13:03:27.526593,-2.175,0.269,0.001,-18.659,34.634,-12.866,1058.976,0.074,-2.927,0.894,83.537,-108.171,-13.963,3.673,-0.355,-2.346,-0.5,-44.329,-20.854,45.183,960.091,-0.176,0.037,-0.586,-15.488,-48.415,6.951,247.529,-0.982,2.571,-0.78,-10.793,-48.537,-95.732,69.049,1010,1,1,1,1,1,0,7,10,3,10
2018-07-06T13:03:27.571215,-2.175,0.269,0.001,59.451,43.659,-30.061,1058.976,0.074,-2.927,0.894,69.39,-66.22,6.037,3.673,-0.479,-3.054,-0.273,21.341,30.305,-3.049,960.091,-0.176,0.037,-0.586,-26.768,-13.598,-39.878,247.529,-0.982,2.571,-0.78,77.317,16.037,-213.354,69.049,262,1,1,1,1,1,0,7,10,3,10
2018-07-06T13:03:27.620346,-1.999,0.201,-0.546,-60.671,-97.927,-52.561,1058.976,-0.075,-2.452,0.712,-149.512,5.061,-39.634,3.673,-0.479,-3.054,-0.273,-16.037,15.427,-14.451,960.091,-2.036,0.229,-2.913,76.829,108.232,25.061,247.529,-2.517,5.123,-1.955,-102.561,110.976,160.976,69.049,536,1,1,1,1,1,0,7,10,3,10
2018-07-06T13:03:27.666474,-0.958,0.204,0.461,25.915,-84.817,-106.281,1058.976,-0.166,-0.305,0.146,-98.598,-30.366,-10.61,3.673,-0.253,-0.791,-0.394,-44.756,-14.268,-15.732,960.091,-2.036,0.229,-2.913,12.805,-130.305,23.72,247.529,0.34,-0.801,-0.087,-152.744,59.695,131.463,69.049,-40,1,1,1,1,1,0,7,10,3,10
2018-07-06T13:03:27.862986,-0.058,0.085,-0.143,-123.537,6.951,7.439,1058.976,0.2,-0.04,0.125,61.585,22.988,-28.72,3.673,-0.066,-0.089,0.055,10.793,0.976,-13.78,960.091,0.102,-0.012,0.031,6.829,11.524,-38.841,247.529,0.216,-0.312,0.203,-105.732,28.598,-68.049,69.049,137,1,1,1,1,1,0,7,10,3,10
2018-07-06T13:03:27.906102,-0.661,0.672,-0.031,-105.854,32.805,37.073,1058.976,-0.251,-0.296,-0.024,67.317,44.573,7.134,3.673,-0.085,-0.129,-0.179,-29.085,-13.841,-9.939,960.091,0.102,-0.012,0.031,-3.902,-31.463,-29.756,247.529,0.163,-0.309,0.083,-32.195,15.122,-45.122,69.049,1232,1,1,1,1,1,0,7,10,3,10
2018-07-06T13:03:27.948218,-0.661,0.672,-0.031,-26.402,-3.11,172.866,1058.976,-0.251,-0.296,-0.024,81.159,-4.756,53.537,3.673,-0.085,-0.129,-0.179,-7.561,-12.805,-10.366,960.091,0.001,0.039,-0.15,7.439,-40.244,-12.073,247.529,0.163,-0.309,0.083,69.024,-16.524,-29.085,69.049,1176,1,1,1,1,1,0,7,10,3,10
2018-07-06T13:03:27.994342,-2.141,0.37,-0.031,2.378,57.561,27.622,1058.976,0.021,-2.43,0.686,72.744,-51.28,43.415,3.673,-0.277,-1.937,-0.44,-19.939,-26.098,49.756,960.091,-0.228,-0.059,-0.354,8.659,-26.28,-15,247.529,-0.784,2.574,-1.479,112.805,-57.195,-68.049,69.049,-340,1,1,1,1,1,0,7,10,3,10
2018-07-06T13:03:28.042473,-2.141,0.37,-0.031,6.037,45,-69.695,1058.976,0.021,-2.43,0.686,66.22,-148.537,-26.707,3.673,-0.358,-3.393,-0.399,-11.159,-9.939,9.512,967.91,-0.228,-0.059,-0.354,2.5,76.22,-20.915,807.354,-0.784,2.574,-1.479,235.427,-86.159,-144.695,20.977,-238,1,1,1,1,1,0,7,10,3,10
2018-07-06T13:03:28.086593,-2.153,0.124,-0.533,-17.5,-15.122,15.366,1058.976,0.285,-2.767,0.842,-48.598,40.427,3.171,3.673,-0.358,-3.393,-0.399,5.915,27.927,-13.293,967.91,-2.625,-0.057,-2.086,15.732,132.134,-13.293,807.354,-1.583,4.206,-2.329,299.085,80.061,-63.171,20.977,1345,1,1,1,1,1,0,7,10,3,10
2018-07-06T13:03:28.152774,-0.884,0.334,0.543,46.829,-97.317,-138.72,1058.976,-0.256,-0.438,0.086,-106.281,-1.159,-44.024,3.673,-0.162,-0.725,-0.29,-16.159,14.146,4.634,967.91,-2.177,0.044,-1.849,7.866,-87.317,-2.134,807.354,0.373,-0.231,-0.195,-312.439,82.5,21.463,20.977,890,1,1,1,1,1,0,7,10,3,10
2018-07-06T13:03:28.201906,-0.884,0.334,0.543,99.634,-1.463,-118.842,1058.976,-0.256,-0.438,0.086,-76.159,32.439,-16.829,3.673,-0.112,0.425,-0.322,5.427,-20.488,9.39,967.91,-2.177,0.044,-1.849,-21.402,-110.488,3.902,807.354,0.373,-0.231,-0.195,-121.463,90.305,-7.5,20.977,547,1,1,1,1,1,0,7,10,3,10
2018-07-06T13:03:28.246025,0.084,0.507,0.176,94.512,39.817,-4.268,1058.976,-0.193,-0.026,0.177,-1.646,23.78,48.902,3.673,-0.112,0.425,-0.322,-15.061,-28.415,0.061,967.91,0.182,-0.026,0.181,-34.939,-144.634,5.793,807.354,0.265,-0.935,0.215,-129.146,-18.476,1.463,20.977,411,1,1,1,1,1,0,7,10,3,10
2018-07-06T13:03:28.292151,0.084,0.507,0.176,159.756,46.159,62.439,1058.976,0.343,-0.023,-0.061,54.024,-7.012,13.415,3.673,0.025,-0.121,-0.019,5.061,6.402,-15.61,967.91,0.182,-0.026,0.181,-11.159,-72.195,-3.293,807.354,0.265,-0.935,0.215,-41.402,-69.512,58.476,20.977,-1593,1,1,1,1,1,0,7,10,3,10
2018-07-06T13:03:28.341785,-0.095,0.043,-0.221,-14.085,-17.805,22.012,1058.976,0.343,-0.023,-0.061,83.537,-9.512,-22.073,3.673,0.025,-0.121,-0.019,26.524,7.195,-6.28,967.91,0.072,-0.054,0.256,-0.915,2.012,4.756,807.354,0.347,-0.51,0.222,-153.293,95.61,170.244,20.977,-2048,1,1,1,1,1,0,7,10,3,10
2018-07-06T13:03:28.400445,-0.812,0.523,-0.101,-106.037,40,62.744,1058.976,-0.374,-0.254,0.058,86.098,-45.122,21.159,3.673,-0.202,-0.051,-0.139,-20.976,-16.341,-6.098,967.91,-0.019,0.012,-0.104,4.512,-3.476,6.646,807.354,0.052,-0.486,0.125,-45.854,62.866,-36.707,20.977,650,1,1,1,1,1,0,7,10,3,10
2018-07-06T13:03:28.448577,-0.812,0.523,-0.101,-41.524,15.732,164.085,1058.976,0.028,-1.998,0.818,97.378,-15.793,48.537,3.673,-0.275,-1.761,-0.578,4.939,-3.171,12.744,967.91,-0.019,0.012,-0.104,4.634,18.293,3.537,807.354,0.052,-0.486,0.125,129.146,-83.354,-55.793,20.977,496,1,1,1,1,1,0,7,10,3,10
2018-07-06T13:03:28.499714,-1.929,0.404,0.169,-38.354,53.841,46.89,1058.976,0.028,-1.998,0.818,157.927,-171.646,-1.341,3.673,-0.275,-1.761,-0.578,-58.415,-35.244,66.89,967.91,-0.242,-0.064,-0.33,7.561,29.085,3.11,807.354,-0.906,2.017,-0.592,81.524,-64.024,-77.073,20.977,267,1,1,1,1,1,0,7,10,3,10
2018-07-06T13:03:28.543332,-2.003,0.362,-0.768,9.878,1.159,-46.098,1058.976,0.266,-2.58,1.076,16.951,-10.732,47.012,3.673,-0.502,-3.377,-0.463,30.976,-19.573,6.646,967.91,-2.501,0.015,-1.612,23.841,82.927,12.744,807.354,-2.091,5.03,-1.843,298.232,-24.207,-167.073,20.977,-1409,1,1,1,1,1,0,7,10,3,10
2018-07-06T13:03:28.587954,-2.003,0.362,-0.768,-80.976,-95.671,-67.988,1058.976,0.266,-2.58,1.076,-217.927,148.781,-62.561,3.673,-0.502,-3.377,-0.463,50.61,4.268,-9.512,967.91,-2.501,0.015,-1.612,0.732,66.463,2.439,807.354,-2.091,5.03,-1.843,130.488,84.207,-13.78,20.977,2047,1,1,1,1,1,0,7,10,3,10
2018-07-06T13:03:28.652131,-1.324,0.026,0.108,4.146,-107.439,-119.634,1058.976,0.058,-1.281,0.284,-86.22,-65.305,-19.39,3.673,-0.174,-1.259,-0.418,1.037,2.744,-34.817,967.91,-2.711,0.188,-1.722,-0.366,-8.537,13.537,807.354,0.434,0.521,-0.298,-219.939,50.671,-37.195,20.977,1051,1,1,1,1,1,0,7,10,3,10
2018-07-06T13:03:28.697251,-1.324,0.026,0.108,83.171,-39.878,-129.878,1058.976,-0.331,0.24,-0.053,-51.463,-13.476,-9.817,3.673,-0.111,0.605,-0.37,103.232,-11.098,-11.89,967.91,-2.711,0.188,-1.722,-11.159,-51.037,10.671,807.354,0.434,0.521,-0.298,-261.342,11.646,-48.476,20.977,474,1,1,1,1,1,0,7,10,3,10
2018-07-06T13:03:28.745883,0.098,0.741,0.183,10.427,36.768,-58.78,1058.976,-0.331,0.24,-0.053,-39.512,46.768,20.183,3.673,-0.111,0.605,-0.37,-20.061,-33.72,20.976,967.91,-0.146,0.105,-0.117,-18.171,-72.317,13.72,807.354,0.621,-0.801,0.047,-31.22,-115.305,57.622,20.977,454,1,1,1,1,1,0,7,10,3,10
2018-07-06T13:03:28.802536,-0.108,0.175,-0.04,44.085,32.439,52.988,1058.976,0.237,-0.181,0.171,86.951,16.768,10.732,3.673,0.049,-0.25,-0.013,109.573,17.622,-22.744,967.91,0.132,-0.046,0.244,3.598,-16.524,-9.634,807.354,0.61,-0.685,0.073,-96.402,-29.207,210.488,20.977,-2048,1,1,1,1,1,0,7,10,3,10
2018-07-06T13:03:28.855684,-0.108,0.175,-0.04,-98.537,46.463,55.976,1058.976,-0.028,-0.099,0.032,49.634,83.598,-7.378,3.673,-0.083,0.091,-0.101,41.524,13.78,-9.207,967.91,0.132,-0.046,0.244,-12.622,-19.024,-36.89,807.354,0.61,-0.685,0.073,-128.902,205.366,56.28,20.977,-292,1,1,1,1,1,0,7,10,3,10
2018-07-06T13:03:28.899802,-0.527,0.291,-0.081,-143.598,40.915,53.415,1058.976,-0.028,-0.099,0.032,59.451,12.317,28.476,3.673,-0.083,0.091,-0.101,-41.463,1.646,-8.72,967.91,0.023,0.026,-0.137,-29.329,-2.317,-23.476,807.354,0.137,-0.326,0.153,14.39,83.841,-28.476,20.977,546,1,1,1,1,1,0,7,10,3,10
2018-07-06T13:03:28.948938,-1.911,0.617,0.342,54.939,46.28,122.256,1058.976,-0.075,-0.858,0.11,90.244,-8.841,51.098,3.673,-0.207,-0.947,-0.339,-3.598,2.622,-16.768,967.91,-0.092,-0.018,-0.051,-1.28,25.732,-3.598,807.354,0.119,0.968,-0.346,71.341,-1.829,-29.817,20.977,584,1,1,1,1,1,0,7,10,3,10
2018-07-06T13:03:28.995061,-1.911,0.617,0.342,-13.78,11.951,-95.061,1058.976,0.128,-3.129,1.182,73.171,-111.098,-2.012,3.673,-0.365,-3.404,-0.533,-43.293,-27.5,48.415,967.91,-0.092,-0.018,-0.051,6.22,31.098,-2.439,807.354,0.119,0.968,-0.346,-0.122,-50.732,-139.817,20.977,-398,1,1,1,1,1,0,7,10,3,10
2018-07-06T13:03:29.043694,-1.866,0.368,-0.799,52.744,22.988,-9.329,967.762,0.128,-3.129,1.182,24.207,50.915,30.976,3.673,-0.365,-3.404,-0.533,23.293,40,5.793,967.91,-1.635,0.069,-1.063,12.866,63.841,22.805,807.354,-2.361,5.893,-1.736,360.732,-21.28,-75.122,20.977,-581,1,1,1,1,1,0,7,10,3,10
2018-07-06T13:03:29.144969,-1.568,-0.014,-0.073,-59.573,-124.939,-73.537,967.762,-0.312,-1.91,0.662,-154.268,-58.11,-59.207,3.673,-0.434,-2.019,-0.222,-78.476,-51.098,-26.463,967.91,-3.067,0.063,-2.057,39.756,-47.5,16.524,807.354,-0.523,0.933,-0.657,-96.646,-92.256,72.378,20.977,1080,1,1,1,1,1,0,7,10,3,10
2018-07-06T13:03:29.183574,-1.568,-0.014,-0.073,19.634,-95.549,-118.354,967.762,-0.078,0.055,-0.052,-131.098,-10.61,-11.768,3.673,-0.072,0.12,-0.363,-13.598,-15.366,-15.915,967.91,-0.961,0.036,-0.771,35.732,-66.646,34.268,807.354,-0.523,0.933,-0.657,-96.646,-92.256,72.378,20.977,402,1,1,1,1,1,0,7,10,3,10
2018-07-06T13:03:29.228694,-0.251,0.8,0.417,-0.61,47.317,-11.463,967.762,-0.078,0.055,-0.052,-54.573,-4.512,-11.585,3.673,-0.072,0.12,-0.363,82.866,-44.146,5.427,967.91,-0.961,0.036,-0.771,18.963,-86.768,34.39,807.354,0.359,-1.151,0.311,-24.817,18.841,79.512,20.977,706,1,1,1,1,1,0,7,10,3,10
2018-07-06T13:03:29.277831,0.044,0.055,-0.105,95.671,16.951,48.354,967.762,0.01,-0.197,0.179,18.841,-38.841,41.28,3.673,0.033,0.048,-0.055,-29.085,16.28,-15.915,967.91,0.251,-0.015,0.337,20.549,-30.183,23.963,807.354,0.146,-0.729,0.226,-59.634,-79.756,39.573,20.977,-523,1,1,1,1,1,0,7,10,3,10
2018-07-06T13:03:29.322952,0.044,0.055,-0.105,-7.195,-0.488,31.28,967.762,0.136,-0.006,-0.066,48.78,-19.878,-16.768,3.673,-0.043,0.019,-0.024,74.146,15.122,-14.512,967.91,0.251,-0.015,0.337,27.622,18.11,6.585,807.354,0.146,-0.729,0.226,-103.354,-5.61,9.085,20.977,-2048,1,1,1,1,1,0,7,10,3,10
2018-07-06T13:03:29.370083,-0.35,0.396,-0.239,-140,31.402,11.037,967.762,0.136,-0.006,-0.066,15.549,71.037,-0.488,3.673,-0.043,0.019,-0.024,-18.841,23.78,6.829,967.91,0.04,0.026,-0.041,-1.646,7.805,15.061,807.354,0.083,-0.498,0.171,-13.537,40.488,-67.744,20.977,-97,1,1,1,1,1,0,7,10,3,10
2018-07-06T13:03:29.423226,-0.35,0.396,-0.239,-169.695,44.512,73.049,967.762,-0.087,-0.572,0.064,51.707,-15.244,46.341,3.673,-0.011,-0.236,-0.418,-46.341,31.829,0.305,967.91,-0.054,0.003,-0.103,33.902,33.659,17.073,807.354,0.083,-0.498,0.171,96.22,49.329,-67.622,20.977,-141,1,1,1,1,1,0,7,10,3,10
2018-07-06T13:03:29.464340,-1.92,0.156,0.802,-86.707,13.354,115.732,967.762,-0.087,-0.572,0.064,145.549,-33.72,56.28,3.673,-0.011,-0.236,-0.418,-0.366,49.329,2.134,967.91,-0.054,0.003,-0.103,24.756,31.463,10.183,807.354,0.045,0.022,-0.045,42.805,-32.317,-100.61,20.977,261,1,1,1,1,1,0,7,10,3,10
2018-07-06T13:03:29.510463,-1.403,0.594,-0.52,131.342,80.061,53.841,967.762,-0.362,-2.199,1.068,136.342,38.049,41.89,3.673,-0.539,-3.038,-0.569,35.183,-21.159,10.366,967.91,-0.775,0.142,-0.496,12.012,35.671,14.39,807.354,-2.607,4.98,-1.745,126.89,-43.415,-210.549,20.977,-7,1,1,1,1,1,0,7,10,3,10
2018-07-06T13:03:29.558596,-1.403,0.594,-0.52,-23.171,-20.732,-54.024,967.762,-0.411,-2.393,1.049,-108.415,99.939,-10.793,3.673,-0.501,-2.678,-0.423,93.415,14.146,18.78,967.91,-0.775,0.142,-0.496,2.439,62.927,32.073,807.354,-2.607,4.98,-1.745,157.561,-91.341,-36.524,20.977,38,1,1,1,1,1,0,7,10,3,10
2018-07-06T13:03:29.604720,-1.92,0.139,-0.329,-42.683,-54.512,-52.988,967.762,-0.411,-2.393,1.049,-137.5,-30.549,-78.415,3.673,-0.501,-2.678,-0.423,-92.5,-23.293,-5.854,967.91,-2.656,0.363,-2.072,27.988,77.988,-6.524,807.354,-0.886,2.804,-0.765,-62.561,80.854,119.207,20.977,2047,1,1,1,1,1,0,7,10,3,10
2018-07-06T13:03:29.650847,-1.92,0.139,-0.329,-16.402,-86.402,-75.122,967.762,-0.029,-0.941,0.143,-150.671,-101.951,-69.512,3.673,-0.18,-0.767,-0.543,-36.037,-49.878,-24.817,967.91,-2.656,0.363,-2.072,25.793,44.695,0.183,807.354,-0.886,2.804,-0.765,-82.073,95.305,34.573,20.977,1713,1,1,1,1,1,0,7,10,3,10
2018-07-06T13:03:29.704994,-0.819,0.741,0.305,69.451,-55.122,-156.646,967.762,-0.111,0.017,0.053,-34.146,-11.829,-20.488,3.673,-0.18,-0.767,-0.543,134.268,-65.549,-6.585,967.91,-2.019,0.309,-1.563,-14.207,-63.963,-35.488,807.354,0.661,-0.58,0.315,19.207,70.427,-22.622,20.977,422,1,1,1,1,1,0,7,10,3,10
2018-07-06T13:03:29.746105,-0.819,0.741,0.305,56.951,23.598,-63.354,967.762,-0.111,0.017,0.053,-34.695,40.305,23.415,3.673,0.153,0.615,-0.181,93.902,-47.927,4.817,967.91,0.029,0.028,0.135,-2.5,-10.244,-27.622,807.354,0.661,-0.58,0.315,-33.659,71.707,40.793,20.977,393,1,1,1,1,1,0,7,10,3,10
2018-07-06T13:03:29.792730,0.062,0.556,-0.025,102.561,35.793,74.39,967.762,0.165,0.04,0.056,27.561,14.634,44.207,3.673,-0.09,-0.172,0.095,13.78,-1.646,-21.646,967.91,0.029,0.028,0.135,10.183,27.683,-35.549,807.354,0.235,-0.729,0.307,-125.488,75.427,178.293,20.977,395,1,1,1,1,1,0,7,10,3,10
2018-07-06T13:03:29.839856,-0.088,-0.534,0.165,-10.061,22.439,30.61,967.762,0.165,0.04,0.056,-4.451,-4.085,-65.793,3.673,-0.09,-0.172,0.095,63.902,-23.293,-17.378,967.91,0.178,0.035,-0.01,-8.293,12.927,-56.098,807.354,0.012,-0.483,0.173,-44.268,78.841,28.415,20.977,-2048,1,1,1,1,1,0,7,10,3,10
2018-07-06T13:03:29.884976,-0.088,-0.534,0.165,-43.049,-10.427,-29.573,967.762,-0.026,-0.24,0.063,3.537,-37.073,-35.244,3.673,-0.008,-0.084,-0.218,-70.793,-16.463,-9.573,967.91,0.178,0.035,-0.01,-24.024,2.805,-55.915,807.354,0.012,-0.483,0.173,-40.488,40.305,31.098,20.977,-1957,1,1,1,1,1,0,7,10,3,10
2018-07-06T13:03:29.932604,-0.976,0.712,0.048,-76.829,19.756,-2.866,967.762,-0.026,-0.24,0.063,32.5,-13.659,27.5,3.673,-0.008,-0.084,-0.218,-30.854,6.951,-25.061,967.91,-0.034,-0.053,-0.172,-4.512,20.244,-37.866,807.354,0.404,-0.402,-0.084,-190.061,65.366,177.195,20.977,576,1,1,1,1,1,0,7,10,3,10
2018-07-06T13:03:29.984747,-0.976,0.712,0.048,-161.342,14.268,155.793,967.762,-0.107,-1.277,0.297,116.951,-16.829,0.488,3.673,-0.303,-1.484,-0.592,6.402,19.39,-13.232,967.91,-0.157,-0.133,-0.169,5.854,-1.037,-13.841,807.354,0.404,-0.402,-0.084,-37.378,105,-175.366,20.977,1220,1,1,1,1,1,0,7,10,3,10
2018-07-06T13:03:30.118631,-1.94,0.268,-0.662,-65.305,-96.159,-39.878,967.762,0.014,-2.036,0.504,-144.024,37.683,-49.207,5.096,-0.3,-1.676,-0.512,-29.39,-39.268,-3.78,1043.006,-1.726,-0.479,-1.51,4.024,10.305,-36.463,881.454,-2.012,5.527,-1.674,33.659,54.024,45.793,13.747,1531,1,1,1,1,1,0,7,10,3,10
2018-07-06T13:03:30.165260,-1.188,0.131,0.351,8.963,-88.841,-112.866,967.762,0.014,-2.036,0.504,-118.72,-44.451,-30.488,5.096,-0.3,-1.676,-0.512,23.72,-8.415,-24.451,1043.006,-2.668,-0.522,-2.081,20.305,32.256,4.573,881.454,0.54,0.096,-0.05,-284.878,-21.098,6.524,13.747,54,1,1,1,1,1,0,7,10,3,10
2018-07-06T13:03:30.215394,-1.188,0.131,0.351,105.366,-7.073,-110.61,967.762,-0.143,0.074,-0.049,-3.841,9.085,-8.293,5.096,-0.006,0.562,-0.346,101.402,-37.683,-22.317,1043.006,-0.728,-0.082,-0.457,-5.549,-14.329,51.098,881.454,0.54,0.096,-0.05,-29.085,-39.939,-22.012,13.747,999,1,1,1,1,1,0,7,10,3,10
2018-07-06T13:03:30.259517,0.066,0.707,0.228,25.366,17.561,-38.72,967.762,0.124,0.019,0.055,-38.598,38.354,41.585,5.096,-0.006,0.562,-0.346,35.427,-44.085,-5.61,1043.006,-0.728,-0.082,-0.457,-16.463,-24.756,113.293,881.454,0.5,-1.068,0.41,-19.695,-33.659,32.805,13.747,168,1,1,1,1,1,0,7,10,3,10
2018-07-06T13:03:30.309651,0.066,0.707,0.228,22.317,32.805,25,967.762,0.124,0.019,0.055,13.72,-32.683,58.598,5.096,0.111,-0.126,0.11,57.683,25.244,-6.707,1043.006,0.21,0.149,0.153,55.854,12.744,103.171,881.454,0.5,-1.068,0.41,-176.646,-65.244,89.695,13.747,-589,1,1,1,1,1,0,7,10,3,10
2018-07-06T13:03:30.359789,0.012,0.068,-0.23,-75.183,-7.5,-8.171,967.762,0.17,-0.073,0.157,34.634,14.329,-9.817,5.096,0.004,-0.073,-0.016,19.39,19.878,5.915,1043.006,0.21,0.149,0.153,26.341,13.415,49.756,881.454,0.325,-0.877,0.053,-89.573,-14.817,-49.634,13.747,312,1,1,1,1,1,0,7,10,3,10
2018-07-06T13:03:30.401902,-0.573,0.595,-0.236,-40.854,35.366,50.61,967.762,0.17,-0.073,0.157,33.598,67.744,-22.012,5.096,0.004,-0.073,-0.016,-22.134,23.78,9.512,1043.006,0.125,-0.021,-0.28,1.098,-17.256,59.817,881.454,0.226,-0.285,0.061,-68.354,-0.549,-59.756,13.747,266,1,1,1,1,1,0,7,10,3,10
2018-07-06T13:03:30.504181,-2.073,0.25,0.417,-49.756,8.476,95,967.762,-0.152,-2.757,0.876,105.122,-66.768,-2.195,5.096,-0.209,-0.457,-0.373,-3.72,34.451,13.841,1043.006,-0.068,0.025,-0.188,-6.098,-19.634,2.012,881.454,-0.484,1.229,-0.216,112.988,-50.915,-93.293,13.747,-833,1,1,1,1,1,0,7,10,3,10
2018-07-06T13:03:30.544791,-2.073,0.25,0.417,14.878,58.598,-4.573,967.762,-0.152,-2.757,0.876,98.354,-5.305,37.317,5.096,-0.465,-3.335,-0.536,-91.098,9.695,30.244,1043.006,-0.84,0.22,-0.894,-16.159,3.963,-13.537,881.454,-0.484,1.229,-0.216,83.598,-14.695,-199.329,13.747,1990,1,1,1,1,1,0,7,10,3,10
2018-07-06T13:03:30.588410,-1.832,0.46,-0.604,51.341,10.244,8.841,967.762,-0.114,-2.499,0.732,-32.866,38.72,-27.378,5.096,-0.479,-2.454,-0.386,35.915,26.402,-9.268,1043.006,-0.84,0.22,-0.894,-72.927,66.402,-2.622,881.454,-3.077,5.535,-0.911,275.854,-33.598,4.634,13.747,1857,1,1,1,1,1,0,7,10,3,10
2018-07-06T13:03:30.651080,-1.655,0.003,0.156,-27.134,-84.451,-107.561,967.762,-0.144,-0.604,0.085,-157.561,-37.561,-27.622,5.096,-0.479,-2.454,-0.386,-39.329,-7.622,-10.976,1043.006,-2.69,0.471,-2.272,-55.976,-20.976,-26.28,881.454,-0.626,1.065,-0.408,-68.293,98.659,157.561,13.747,1060,1,1,1,1,1,0,7,10,3,10
2018-07-06T13:03:30.708736,-1.655,0.003,0.156,43.963,-73.963,-172.744,967.762,-0.144,-0.604,0.085,-96.402,-102.012,-14.878,5.096,-0.074,0.104,-0.351,78.354,-49.634,10.854,1043.006,-1.563,0.237,-1.45,-91.89,58.902,-61.829,881.454,-0.626,1.065,-0.408,-38.598,9.634,95.488,13.747,-584,1,1,1,1,1,0,7,10,3,10
2018-07-06T13:03:30.759876,-0.182,1.146,0.106,174.756,84.451,55,967.762,-0.005,0.052,0.367,-30.366,10.915,-16.951,5.096,0.083,0.077,-0.002,-46.524,-10.122,-1.463,1043.006,-1.563,0.237,-1.45,-60.854,-85.427,-48.659,881.454,0.489,-0.927,0.16,-49.207,10.671,100.244,13.747,851,1,1,1,1,1,0,7,10,3,10
2018-07-06T13:03:30.806001,-0.046,0.284,-0.217,144.817,62.805,97.317,967.762,-0.005,0.052,0.367,35.793,32.988,21.159,5.096,0.083,0.077,-0.002,-36.037,14.817,-12.012,1043.006,0.379,-0.11,0.21,-5.549,-113.537,-60.61,881.454,0.223,-0.868,0.153,-36.524,21.28,151.829,13.747,436,1,1,1,1,1,0,7,10,3,10
2018-07-06T13:03:30.856059,-0.046,0.284,-0.217,1.585,57.927,83.902,967.762,0.021,0.016,-0.073,35.549,-5.244,-30.488,5.096,-0.146,-0.01,0.06,80.549,-7.256,-15.793,1043.006,0.093,0.081,-0.14,-31.707,41.28,-55.61,881.454,0.223,-0.868,0.153,-93.11,108.232,111.342,13.747,-267,1,1,1,1,1,0,7,10,3,10
2018-07-06T13:03:30.901179,-0.192,-0.375,0.037,-78.415,58.232,70.732,967.762,-0.131,-0.129,-0.047,26.22,-45,-2.378,5.096,-0.146,-0.01,0.06,-18.72,-24.634,-5.183,1043.006,0.093,0.081,-0.14,1.951,-2.378,-53.415,881.454,0.138,-0.585,0.192,-12.561,69.817,21.524,13.747,539,1,1,1,1,1,0,7,10,3,10
2018-07-06T13:03:30.948308,-0.192,-0.375,0.037,-74.451,56.585,42.622,967.762,-0.131,-0.129,-0.047,-21.951,31.341,32.073,5.096,-0.165,-0.28,-0.198,5.61,-17.927,-9.939,1043.006,-0.074,-0.028,-0.134,-2.378,6.28,-41.037,881.454,0.138,-0.585,0.192,6.463,26.524,13.354,13.747,-1633,1,1,1,1,1,0,7,10,3,10
2018-07-06T13:03:30.998445,-1.578,0.792,0.25,-76.707,-11.585,-23.902,967.762,0.209,-1.953,0.225,-34.756,7.012,4.756,5.096,-0.306,-2.851,-0.711,-53.537,-28.232,23.78,1043.006,-0.074,-0.028,-0.134,-11.463,12.439,-38.232,881.454,0.265,0.102,-0.111,38.963,19.756,-99.085,13.747,-2048,1,1,1,1,1,0,7,10,3,10
2018-07-06T13:03:31.044070,-2.976,-0.069,-0.419,66.463,15.549,-109.268,1185.452,0.209,-1.953,0.225,24.634,-239.451,-53.72,5.096,-0.306,-2.851,-0.711,-101.402,-39.756,30.732,1043.006,-0.424,-0.024,-0.5,-16.037,-45.061,-46.829,881.454,-1.138,5.917,-1.967,239.268,-23.72,-297.317,13.747,-100,1,1,1,1,1,0,7,10,3,10
2018-07-06T13:03:31.087689,-2.976,-0.069,-0.419,37.622,0.732,57.256,1185.452,0.453,-3.524,0.984,-44.634,77.256,-6.402,5.096,-0.275,-2.959,-0.417,36.524,22.378,-23.72,1043.006,-2.803,-0.354,-2.105,-91.402,-19.512,-16.463,881.454,-1.138,5.917,-1.967,424.817,66.951,4.085,13.747,1266,1,1,1,1,1,0,7,10,3,10
2018-07-06T13:03:31.139831,-1.18,0.267,0.152,-23.659,-117.683,-34.695,1185.452,-0.148,-0.618,0.113,-70.671,36.159,-21.768,5.096,-0.275,-2.959,-0.417,44.085,25.671,-33.476,1043.006,-2.803,-0.354,-2.105,-119.939,-23.11,-9.146,881.454,-0.196,1.615,-0.712,-97.683,-15.061,72.561,13.747,2047,1,1,1,1,1,0,7,10,3,10
2018-07-06T13:03:31.180943,-1.18,0.267,0.152,65.671,-48.78,-101.098,1185.452,-0.148,-0.618,0.113,-38.78,111.585,-10.793,5.096,-0.149,0.009,-0.296,41.89,3.415,-26.89,1043.006,-1.726,-0.155,-1.391,-53.049,-35.305,30.244,881.454,-0.196,1.615,-0.712,-185.488,-40.366,44.695,13.747,1341,1,1,1,1,1,0,7,10,3,10
2018-07-06T13:03:31.229072,0.117,0.525,0.399,49.695,44.207,-41.159,1185.452,-0.025,0.361,-0.069,-38.11,72.561,43.598,5.096,0.084,0.205,-0.041,44.451,-26.098,10.427,1043.006,-1.726,-0.155,-1.391,-2.256,-48.659,58.232,881.454,0.4,-1.424,0.348,-55.549,-26.89,-44.634,13.747,531,1,1,1,1,1,0,7,10,3,10
2018-07-06T13:03:31.282219,-0.031,0.084,-0.17,-31.037,-58.11,-25.366,1185.452,0.227,-0.113,0.079,59.024,-34.207,0,5.096,0.084,0.205,-0.041,75.976,1.22,10.183,1043.006,0.162,0.105,0.255,-21.463,-37.5,56.89,881.454,0.439,-1.038,0.153,-149.329,-40.488,75.61,13.747,263,1,1,1,1,1,0,7,10,3,10
2018-07-06T13:03:31.324332,-0.031,0.084,-0.17,-151.159,-20.976,-35.976,1185.452,0.227,-0.113,0.079,18.963,64.695,-0.671,5.096,0.054,-0.036,-0.049,22.195,40.427,1.951,1043.006,0.084,0.104,-0.046,10.244,31.22,16.524,881.454,0.439,-1.038,0.153,-102.683,64.207,-54.512,13.747,74,1,1,1,1,1,0,7,10,3,10
2018-07-06T13:03:31.371462,-0.46,0.843,-0.233,-98.049,-11.463,-19.817,1185.452,-0.139,-0.262,0.02,13.11,94.695,23.841,5.096,0.054,-0.036,-0.049,-9.024,38.049,6.585,1043.006,0.084,0.104,-0.046,3.72,26.524,7.683,881.454,0.179,-0.173,0.185,83.171,-1.098,-111.159,13.747,-461,1,1,1,1,1,0,7,10,3,10
2018-07-06T13:03:31.418588,-0.46,0.843,-0.233,-64.817,14.817,111.281,1185.452,-0.139,-0.262,0.02,53.171,42.134,47.805,5.096,-0.227,-0.325,-0.442,-13.171,25.549,17.378,1043.006,-0.149,0.02,-0.107,-0.732,13.049,12.256,881.454,0.179,-0.173,0.185,87.073,-32.622,-91.707,13.747,401,1,1,1,1,1,0,7,10,3,10
2018-07-06T13:03:31.462711,-2.08,0.22,0.03,27.439,20.976,83.78,1185.452,0.072,-1.888,0.542,167.317,-35.61,28.171,5.096,-0.227,-0.325,-0.442,2.927,21.159,21.768,1043.006,-0.149,0.02,-0.107,23.598,-38.171,15.488,881.454,-0.33,1.426,-0.417,47.439,-23.171,-118.72,13.747,-2048,1,1,1,1,1,0,7,10,3,10
2018-07-06T13:03:31.510839,-2.08,0.22,0.03,23.598,41.89,19.207,1185.452,0.072,-1.888,0.542,197.5,-135.61,-34.573,5.096,-0.448,-2.834,-0.188,-4.268,3.049,11.707,1043.006,-0.56,0.14,-0.453,20.305,-16.098,2.134,881.454,-0.33,1.426,-0.417,39.207,-8.537,-146.037,13.747,-2048,1,1,1,1,1,0,7,10,3,10
2018-07-06T13:03:31.561982,-1.818,0.385,-0.445,9.939,-18.293,25.854,1185.452,0.058,-2.867,0.932,-170.732,82.195,-34.085,5.096,-0.395,-2.869,-0.311,6.951,30.244,-11.28,1043.006,-0.56,0.14,-0.453,7.683,55.305,-6.159,881.454,-2.501,5.184,-1.88,52.317,117.561,130.244,13.747,-507,1,1,1,1,1,0,7,10,3,10
2018-07-06T13:03:31.603092,-1.741,0.012,0.012,-19.512,-54.451,-92.378,1185.452,0.023,-1.166,0.263,-174.817,69.634,-32.866,5.096,-0.395,-2.869,-0.311,-56.585,14.756,-2.439,1043.006,-2.498,0.616,-2.016,-27.073,35.061,-24.268,881.454,-0.405,0.835,-0.649,-166.037,98.537,101.89,13.747,281,1,1,1,1,1,0,7,10,3,10
2018-07-06T13:03:31.651224,-1.741,0.012,0.012,76.159,-82.561,-145.549,1185.452,0.023,-1.166,0.263,-83.476,-47.317,-24.817,5.096,-0.132,-0.093,-0.399,-12.134,11.341,-7.195,1043.006,-2.011,0.474,-1.603,-12.5,3.293,-9.878,881.454,-0.405,0.835,-0.649,-101.463,-30.854,64.634,13.747,956,1,1,1,1,1,0,7,10,3,10
2018-07-06T13:03:31.698353,-0.087,1.149,0.139,55.305,15.976,-77.927,1185.452,-0.218,0.165,0.221,-43.11,-27.866,-20.488,5.096,-0.132,-0.093,-0.399,50.854,-17.561,6.524,1043.006,-2.011,0.474,-1.603,-5.488,-55.61,-4.207,881.454,0.272,-1.04,0.143,-22.317,55.854,100.488,13.747,809,1,1,1,1,1,0,7,10,3,10
2018-07-06T13:03:31.743476,-0.087,1.149,0.139,124.756,43.049,34.451,1185.452,-0.218,0.165,0.221,-61.098,60,33.902,5.096,0.045,0.109,-0.008,-36.707,-25.549,11.951,1043.006,0.175,-0.037,0.191,-7.378,-27.195,-36.89,881.454,0.272,-1.04,0.143,-53.963,-74.817,37.744,13.747,-154,1,1,1,1,1,0,7,10,3,10
2018-07-06T13:03:31.791607,-0.043,0.403,-0.095,48.598,43.293,83.902,1185.452,0.19,-0.025,0.16,32.561,-59.939,44.634,5.096,-0.017,0.022,0.077,99.268,5.305,-13.841,1043.006,0.175,-0.037,0.191,-3.171,29.024,-39.207,881.454,0.324,-0.896,0.275,-119.451,-166.951,119.024,13.747,1252,1,1,1,1,1,0,7,10,3,10
2018-07-06T13:03:32.027767,-2.178,0.33,-0.532,46.951,32.744,-8.232,1185.452,0.004,-3.224,1.233,112.439,-11.28,-7.744,3.555,-0.37,-3.386,-0.223,17.134,22.683,1.402,914.355,-0.364,-0.084,-0.247,19.146,26.646,6.707,320.263,-1.925,5.431,-1.809,302.5,-13.659,-135.305,12.614,262,1,1,1,1,1,0,7,10,3,10
2018-07-06T13:03:32.071891,-2.178,0.33,-0.532,4.207,0.122,37.317,1185.452,-0.363,-1.798,0.461,-154.39,70.732,-67.561,3.555,-0.37,-3.386,-0.223,35.549,26.707,-5.915,914.355,-2.197,0.285,-1.884,27.683,64.817,30.427,320.263,-1.925,5.431,-1.809,198.903,46.098,46.707,12.614,412,1,1,1,1,1,0,7,10,3,10
2018-07-06T13:03:32.120020,-1.723,-0.033,0.123,-54.329,-95.671,-77.195,1185.452,-0.363,-1.798,0.461,-129.939,8.78,-20.671,3.555,-0.291,-0.584,-0.431,-33.049,-5.549,-15.732,914.355,-2.198,0.412,-2.144,-19.878,-0.976,-5.671,320.263,-0.326,1.706,-0.782,-118.232,-53.598,27.561,12.614,-273,1,1,1,1,1,0,7,10,3,10
2018-07-06T13:03:32.168153,-0.237,0.807,0.295,88.537,-4.939,-66.098,1185.452,0.017,0.13,0.061,-67.805,-73.049,-25.732,3.555,-0.291,-0.584,-0.431,44.268,-38.78,-7.805,914.355,-2.198,0.412,-2.144,9.939,-11.098,5.122,320.263,0.578,-0.825,0.235,-29.817,31.585,-17.317,12.614,-2048,1,1,1,1,1,0,7,10,3,10
2018-07-06T13:03:32.212270,-0.237,0.807,0.295,50.854,54.817,26.28,1185.452,0.017,0.13,0.061,23.72,1.707,-12.073,3.555,0.211,0.412,-0.158,66.098,-38.11,4.695,914.355,-0.219,0.005,-0.052,2.5,-45.671,-6.037,320.263,0.578,-0.825,0.235,-3.78,13.598,-4.573,12.614,-1575,1,1,1,1,1,0,7,10,3,10
2018-07-06T13:03:32.260404,0.08,-0.135,0.017,52.012,24.878,24.695,1185.452,0.119,0.055,-0.043,-2.195,85.61,53.72,3.555,0.211,0.412,-0.158,-9.085,15.122,-10.488,914.355,-0.219,0.005,-0.052,-7.256,-80.305,-14.207,320.263,0.353,-0.685,0.343,-5.183,-114.146,137.5,12.614,100,1,1,1,1,1,0,7,10,3,10
2018-07-06T13:03:32.320565,0.08,-0.135,0.017,6.159,-19.634,-32.988,1185.452,0.024,-0.229,0.075,30.671,-33.841,-26.524,3.555,-0.134,-0.06,0.084,-3.598,-4.146,-6.341,914.355,0.094,0.002,0.106,-23.232,-40.427,1.098,320.263,0.218,-0.616,0.229,-98.841,62.927,15.183,12.614,832,1,1,1,1,1,0,7,10,3,10
2018-07-06T13:03:32.387245,-0.223,0.013,-0.079,-55.732,3.232,-14.39,1185.452,-0.2,-0.481,0.137,70.854,-18.659,41.037,3.555,-0.033,-0.148,-0.269,16.463,11.341,-16.524,914.355,-0.056,-0.004,-0.088,23.902,-33.537,-4.268,320.263,0.218,-0.616,0.229,32.256,16.28,-25.427,12.614,-377,1,1,1,1,1,0,7,10,3,10
2018-07-06T13:03:32.434873,-1.399,1.264,0.227,-90.854,35,128.842,1185.452,-0.2,-0.481,0.137,122.378,-15.122,60.427,3.555,-0.306,-1.651,-0.414,17.5,17.866,-13.537,914.355,-0.056,-0.004,-0.088,9.756,-18.537,-12.683,320.263,0.216,-0.016,0.004,40.366,17.195,-31.402,12.614,-385,1,1,1,1,1,0,7,10,3,10
2018-07-06T13:03:32.479993,-1.399,1.264,0.227,3.841,28.354,88.354,1185.452,0.022,-2.878,0.813,130.427,-93.354,-13.659,3.555,-0.306,-1.651,-0.414,-69.939,-14.268,36.341,914.355,-0.007,-0.027,-0.125,44.451,17.256,12.195,320.263,0.216,-0.016,0.004,-12.134,11.707,-64.024,12.614,2047,1,1,1,1,1,0,7,10,3,10
2018-07-06T13:03:32.526117,-2.276,0.08,-0.307,9.512,26.402,-53.78,1185.452,0.022,-2.878,0.813,51.22,-5.854,-6.098,3.555,-0.354,-3.414,-0.351,47.805,-0.671,29.329,914.355,-1.642,0.035,-1.498,65.976,139.268,25.671,320.263,-1.321,4.879,-1.649,422.561,56.28,27.378,12.614,1642,1,1,1,1,1,0,7,10,3,10
2018-07-06T13:03:32.572742,-1.651,0.111,-0.31,-35.549,-85.244,-3.72,1185.452,0.037,-2.354,0.693,-68.659,109.085,-5.915,3.555,-0.354,-3.414,-0.351,0.427,35.366,8.537,914.355,-1.642,0.035,-1.498,111.281,14.512,50.366,320.263,-0.958,2.943,-1.14,-62.866,39.207,80.305,12.614,680,1,1,1,1,1,0,7,10,3,10
2018-07-06T13:03:32.624379,-1.651,0.111,-0.31,20.854,-101.768,-120.427,1185.452,-0.27,-0.076,-0.027,-106.707,-54.085,-29.085,3.555,-0.275,-1.065,-0.33,-25.976,-35,-9.878,914.355,-2.962,0.21,-2.188,39.817,-30.244,21.341,320.263,-0.958,2.943,-1.14,-187.561,-12.134,65.854,12.614,605,1,1,1,1,1,0,7,10,3,10
2018-07-06T13:03:32.666993,-0.45,0.899,0.325,58.963,-29.024,-139.451,1185.452,-0.27,-0.076,-0.027,-119.695,25,9.207,3.555,0.087,0.408,-0.244,51.159,-33.659,16.28,914.355,-2.962,0.21,-2.188,87.317,-88.11,18.963,320.263,0.497,-0.898,0.205,-29.207,-1.402,65.61,12.614,2047,1,1,1,1,1,0,7,10,3,10
2018-07-06T13:03:32.714229,-0.45,0.899,0.325,52.073,15.061,-46.037,1185.452,0.044,-0.104,0.348,-71.402,27.805,31.098,3.555,0.087,0.408,-0.244,-5.427,-19.695,10.854,914.355,-0.51,0.11,-0.336,125.915,-62.622,28.11,320.263,0.497,-0.898,0.205,13.11,65.671,28.659,12.614,-2048,1,1,1,1,1,0,7,10,3,10
2018-07-06T13:03:32.762859,-0.024,0.467,-0.108,139.817,55.793,54.939,1185.452,0.044,-0.104,0.348,36.341,-0.427,44.085,3.555,-0.024,-0.117,-0.04,3.171,13.598,-10.671,914.355,0.277,0.102,0.248,93.049,4.268,27.988,320.263,0.218,-0.897,0.31,-88.415,-22.866,135.427,12.614,-1605,1,1,1,1,1,0,7,10,3,10
2018-07-06T13:03:32.807980,-0.024,0.467,-0.108,13.537,41.829,86.829,1185.452,0.164,-0.064,-0.057,78.659,-1.159,10.976,3.555,-0.024,-0.117,-0.04,92.439,8.841,-14.695,914.355,0.277,0.102,0.248,37.073,27.073,10.427,320.263,0.157,-0.611,0.192,-153.842,40.793,8.415,12.614,-763,1,1,1,1,1,0,7,10,3,10
2018-07-06T13:03:32.855106,-0.249,-0.334,0.013,-135.61,22.805,66.524,1185.452,0.164,-0.064,-0.057,53.232,51.341,-3.537,3.555,-0.106,-0.03,-0.111,-12.866,2.744,0,914.355,0.024,0.014,-0.102,0.427,9.146,3.354,320.263,0.157,-0.611,0.192,41.707,41.89,-82.073,12.614,2047,1,1,1,1,1,0,7,10,3,10
2018-07-06T13:03:32.913762,-1.427,0.691,0.349,-45.183,-0.427,114.695,1185.452,-0.081,-0.446,-0.206,-5.122,3.171,30.854,3.555,-0.286,-1.76,-0.485,-21.159,32.683,4.756,914.355,0.024,0.014,-0.102,30.549,23.354,8.963,320.263,0.265,0.104,0.021,56.159,-8.537,-66.22,12.614,1178,1,1,1,1,1,0,7,10,3,10
2018-07-06T13:03:32.963896,-1.427,0.691,0.349,26.402,-0.366,-0.671,1185.452,-0.076,-2.896,0.959,140.671,-133.842,-21.402,3.555,-0.286,-1.76,-0.485,-57.622,20.61,52.439,914.355,-0.181,0.012,-0.09,12.927,19.451,1.89,320.263,0.265,0.104,0.021,13.293,-29.024,-102.439,12.614,-2048,1,1,1,1,1,0,7,10,3,10
2018-07-06T13:03:33.011022,-2.288,0.263,-0.39,-7.805,5.976,28.841,1244.392,-0.076,-2.896,0.959,66.159,1.28,-10.854,3.555,-0.497,-3.413,-0.272,3.963,-0.122,18.476,914.355,-1.812,-0.132,-1.273,-9.39,44.817,-0.183,320.263,-0.812,5.577,-1.354,261.037,128.049,77.866,12.614,742,1,1,1,1,1,1,7,10,3,10
2018-07-06T13:03:33.059652,-1.76,-0.056,-0.103,-51.89,-63.963,-33.598,1244.392,-0.143,-2.457,0.75,-125.427,-19.878,-60.732,3.555,-0.497,-3.413,-0.272,13.598,22.866,-12.134,914.355,-1.812,-0.132,-1.273,0.671,70.061,-11.159,320.263,-0.744,2.335,-1.104,-179.146,18.537,128.476,12.614,1330,1,1,1,1,1,1,7,10,3,10
2018-07-06T13:03:33.103271,-1.76,-0.056,-0.103,19.939,-82.378,-124.268,1244.392,-0.089,-0.16,-0.041,-95.793,-46.28,-32.805,3.555,-0.223,-1.097,-0.312,-20.61,-9.878,-8.537,914.355,-2.81,-0.183,-2.125,21.341,14.451,12.561,320.263,-0.744,2.335,-1.104,-107.866,-55.915,141.585,12.614,-18,1,1,1,1,1,1,7,10,3,10
2018-07-06T13:03:33.230616,0.058,0.19,-0.083,134.939,41.768,42.5,1244.392,0.002,0.004,0.19,16.646,72.439,42.622,3.555,0.007,-0.124,0.081,10.061,40,-4.756,914.355,-0.519,-0.06,-0.309,99.268,-1.402,65.061,320.263,0.121,-1.336,0.15,-142.927,-70.732,-56.463,12.614,-2048,1,1,1,1,1,1,7,10,3,10
2018-07-06T13:03:33.289780,0.058,0.19,-0.083,67.561,11.402,31.22,1244.392,0.135,-0.103,-0.026,66.402,19.268,-12.988,3.555,0.007,-0.124,0.081,38.72,33.476,-1.951,914.355,0.16,0.078,0.222,42.683,18.841,60.671,320.263,0.084,-0.337,0.239,127.866,22.927,-166.707,12.614,-1142,1,1,1,1,1,1,7,10,3,10
2018-07-06T13:03:33.359966,-0.197,-0.02,-0.098,-70.183,34.146,33.659,1244.392,-0.122,-0.26,0.069,47.317,75.122,23.293,3.555,0.007,-0.081,-0.182,-9.878,28.049,9.329,914.355,0.055,0.038,-0.136,23.72,40.671,30.915,320.263,0.084,-0.337,0.239,8.598,-12.866,-127.622,12.614,1016,1,1,1,1,1,1,7,10,3,10
2018-07-06T13:03:33.402081,-1.549,0.776,0.271,-55.976,44.939,141.098,1244.392,-0.122,-0.26,0.069,82.317,29.024,75,3.555,-0.285,-1.176,-0.459,20.427,40.671,12.927,914.355,-0.085,0.115,-0.129,15.366,33.293,22.012,320.263,0.116,0.029,0.135,-0.976,13.72,-123.11,12.614,1065,1,1,1,1,1,1,7,10,3,10
2018-07-06T13:03:33.448706,-1.549,0.776,0.271,-2.073,34.207,65.366,1244.392,-0.097,-2.171,0.903,114.39,-51.585,46.037,3.555,-0.285,-1.176,-0.459,-57.927,22.134,31.341,914.355,-0.085,0.115,-0.129,12.134,24.512,16.037,320.263,-2.222,3.961,-0.827,-2.927,10.488,-213.476,12.614,-1769,1,1,1,1,1,1,7,10,3,10
2018-07-06T13:03:33.503853,-1.896,0.276,-0.432,32.073,-3.354,68.72,1244.392,-0.277,-2.292,1.138,49.268,50.122,32.378,3.555,-0.504,-3.326,-0.188,42.256,42.134,1.037,914.355,-1.085,0.13,-1.14,5.549,53.598,17.256,320.263,-2.222,3.961,-0.827,195.854,-89.451,-13.049,12.614,2047,1,1,1,1,1,1,7,10,3,10
2018-07-06T13:03:33.557497,-1.732,0.337,-0.391,-50.183,-46.28,-34.634,1244.392,-0.277,-2.292,1.138,-139.085,58.415,-79.024,3.555,-0.547,-2.04,-0.292,-2.317,-5.61,-20.671,914.355,-2.327,0.296,-2.566,37.561,17.683,1.22,320.263,-1.865,3.545,-1.081,-1.829,20.976,70.122,12.614,937,1,1,1,1,1,1,7,10,3,10
2018-07-06T13:03:33.605625,-1.732,0.337,-0.391,-61.402,-70.366,-64.756,1244.392,-0.294,-1.508,0.309,-204.695,-30.122,-78.537,3.555,-0.547,-2.04,-0.292,-31.951,-50.793,-32.5,914.355,-2.327,0.296,-2.566,28.232,8.415,24.817,320.263,-1.865,3.545,-1.081,17.378,-6.646,125.305,12.614,266,1,1,1,1,1,1,7,10,3,10
2018-07-06T13:03:33.652250,-1.155,0.08,0.343,0.305,-88.841,-102.378,1244.392,0.228,0.074,-0.2,-7.317,-103.293,-33.963,3.555,0.063,0.215,-0.567,36.524,-54.451,-19.512,914.355,-1.231,0.113,-1.481,14.39,-4.451,13.171,320.263,0.454,-0.221,-0.101,59.207,12.134,51.646,12.614,305,1,1,1,1,1,1,7,10,3,10
2018-07-06T13:03:33.698373,0.052,0.354,0.163,-10.854,43.415,-6.524,1244.392,0.228,0.074,-0.2,28.537,99.329,-10.061,3.555,0.063,0.215,-0.567,94.085,-51.341,4.634,914.355,-1.231,0.113,-1.481,39.024,-48.537,33.415,320.263,0.525,-0.871,0.18,-30.305,-82.439,56.402,12.614,-2041,1,1,1,1,1,1,7,10,3,10
2018-07-06T13:03:33.745499,0.052,0.354,0.163,39.207,29.756,18.293,1244.392,0.052,-0.034,0.064,-10.976,72.866,45.976,3.555,0.063,0.075,-0.088,-10.61,49.878,-12.988,914.355,-0.106,0.111,0.265,47.195,-76.098,47.256,320.263,0.525,-0.871,0.18,-87.195,-27.5,153.963,12.614,-2048,1,1,1,1,1,1,7,10,3,10
2018-07-06T13:03:33.802151,-0.047,-0.005,-0.029,24.024,-1.768,-24.817,1244.392,0.052,-0.034,0.064,35.061,-12.805,33.354,3.555,-0.103,-0.108,0.031,46.524,13.963,-11.402,914.355,0.042,0.062,0.021,-5.793,-42.927,-16.28,320.263,0.149,-0.701,0.266,-82.622,143.659,79.085,12.614,520,1,1,1,1,1,1,7,10,3,10
2018-07-06T13:03:33.855292,-0.047,-0.005,-0.029,-53.537,-18.171,-41.098,1244.392,-0.006,-0.167,0.167,49.024,17.744,0,3.555,-0.103,-0.108,0.031,-28.171,-2.744,-2.622,914.355,0.042,0.062,0.021,-5.671,-18.537,-37.134,320.263,0.109,-0.215,0.184,-7.683,7.073,-23.354,12.614,339,1,1,1,1,1,1,7,10,3,10
2018-07-06T13:03:33.902920,-0.832,0.948,-0.056,-26.463,31.646,155,1244.392,-0.115,-0.698,0.284,115.305,-14.512,54.024,3.555,-0.017,-0.229,-0.271,23.963,25.854,-8.78,914.355,0.041,0.014,-0.154,17.744,-16.951,-37.927,320.263,0.109,-0.215,0.184,-26.585,42.561,-17.927,12.614,576,1,1,1,1,1,1,7,10,3,10
2018-07-06T13:03:33.950547,-2.015,0.279,0.153,41.524,40.793,81.829,1244.392,-0.115,-0.698,0.284,158.72,-36.341,68.049,3.555,-0.366,-2.464,-0.436,-47.134,5.61,22.378,914.355,-0.214,-0.034,-0.361,-5.122,22.866,-37.378,320.263,-0.672,1.271,-0.424,17.439,-9.634,-59.817,12.614,-500,1,1,1,1,1,1,7,10,3,10
2018-07-06T13:03:33.997172,-2.015,0.279,0.153,74.878,69.085,74.207,1244.392,0.045,-2.41,1.197,166.402,-120.854,-15.549,3.555,-0.366,-2.464,-0.436,-5.061,-44.146,33.537,914.355,-0.214,-0.034,-0.361,-37.5,88.11,-36.524,320.263,-0.672,1.271,-0.424,42.683,15.915,-168.354,12.614,247,1,1,1,1,1,1,7,10,3,10
2018-07-06T13:03:34.044799,-1.051,0.644,-0.694,51.463,13.598,80.244,1244.392,-0.16,-2.012,1.063,-137.012,88.598,-36.951,2.962,-0.317,-3.058,-0.181,48.11,63.78,-17.256,962.783,-1.909,-0.292,-1.792,-45.427,69.268,-22.927,320.263,-2.544,4.902,-1.475,197.317,-5.61,-65.488,22.873,1744,1,1,1,1,1,0,7,10,3,10
2018-07-06T13:03:34.098442,-1.871,-0.002,0.064,-40.976,-67.622,-103.537,1244.392,-0.16,-2.012,1.063,-234.634,100.732,-79.817,2.962,-0.317,-3.058,-0.181,26.28,16.341,-2.561,962.783,-1.909,-0.292,-1.792,4.207,-34.207,-15.976,320.263,-0.221,1.418,-0.482,-41.707,25,77.5,22.873,914,1,1,1,1,1,0,7,10,3,10
2018-07-06T13:03:34.151358,-1.871,-0.002,0.064,6.28,-66.768,-110,1244.392,-0.168,-0.766,0.129,-215.366,43.78,-9.817,2.962,-0.359,-1.093,-0.409,35.732,-16.829,-12.988,962.783,-2.142,-0.169,-2.391,-13.72,6.098,-20.183,320.263,-0.221,1.418,-0.482,6.402,-6.89,1.707,22.873,359,1,1,1,1,1,0,7,10,3,10
2018-07-06T13:03:34.198483,-0.47,0.739,0.236,57.073,-22.256,-116.037,1244.392,-0.036,0.016,0.01,-31.22,-39.024,-28.354,2.962,-0.003,0.561,-0.318,98.78,-64.451,19.573,962.783,-0.635,-0.085,-0.525,11.22,-7.439,-13.415,320.263,0.677,-0.59,0.142,-35.305,-14.024,-11.28,22.873,432,1,1,1,1,1,0,7,10,3,10
2018-07-06T13:03:34.247614,-0.47,0.739,0.236,18.963,29.207,-23.476,1244.392,-0.036,0.016,0.01,-54.268,22.561,31.707,2.962,-0.003,0.561,-0.318,-44.878,-28.598,11.524,962.783,-0.635,-0.085,-0.525,8.476,-31.28,3.963,320.263,0.677,-0.59,0.142,0.915,9.512,-22.622,22.873,-1153,1,1,1,1,1,0,7,10,3,10
2018-07-06T13:03:34.292735,0.096,0.31,-0.026,32.012,20.854,48.415,1244.392,0.123,-0.053,0.044,30.549,-20.854,31.585,2.962,0.006,-0.167,-0.065,-0.976,3.902,-20.366,962.783,0.05,0.079,0.255,33.171,-36.28,14.634,320.263,0.561,-0.563,0.117,-72.378,-76.707,112.683,22.873,-2048,1,1,1,1,1,0,7,10,3,10
2018-07-06T13:03:34.342869,-0.215,0.156,-0.073,-93.902,32.134,31.707,1244.392,0.123,-0.053,0.044,41.707,6.524,2.683,2.962,-0.057,0.016,-0.159,-13.537,-3.11,-1.463,962.783,0.05,0.079,0.255,-1.89,-43.659,-4.024,320.263,0.304,-0.417,0.129,-59.207,91.463,52.378,22.873,12,1,1,1,1,1,0,7,10,3,10
2018-07-06T13:03:34.399520,-0.215,0.156,-0.073,-71.646,22.927,51.89,1244.392,-0.025,-0.264,-0.057,44.878,18.78,32.988,2.962,-0.057,0.016,-0.159,-29.878,7.561,-2.805,962.783,0.056,0.021,-0.102,-22.134,7.256,-2.073,320.263,0.304,-0.417,0.129,28.171,29.39,4.817,22.873,524,1,1,1,1,1,0,7,10,3,10
2018-07-06T13:03:34.447649,-1.811,0.382,0.349,-93.72,2.195,134.634,1244.392,-0.128,-2.031,0.378,78.841,-36.89,46.768,2.962,-0.228,-1.485,-0.432,-23.415,20.488,-4.573,962.783,-0.147,0.009,-0.078,-11.037,8.049,-7.317,320.263,0.224,0.66,-0.113,19.024,-13.78,-14.146,22.873,657,1,1,1,1,1,0,7,10,3,10
2018-07-06T13:03:34.495778,-1.811,0.382,0.349,-19.451,38.415,-14.085,1244.392,-0.128,-2.031,0.378,82.134,19.207,24.512,2.962,-0.228,-1.485,-0.432,-49.512,26.037,6.707,962.783,-0.147,0.009,-0.078,1.951,18.232,-4.512,320.263,-1.382,4.8,-1.463,152.988,46.22,-31.037,22.873,423,1,1,1,1,1,0,7,10,3,10
2018-07-06T13:03:34.617102,-1.741,-0.046,0.014,-26.768,-73.354,-98.476,1244.392,-0.324,-0.944,0.28,-123.171,-0.854,-59.268,2.962,-0.349,-1.429,-0.265,-65.915,-8.598,-6.768,962.783,-2.623,-0.165,-2.346,16.22,32.317,3.476,320.263,-0.74,1.847,-1.02,20.488,-13.415,90.122,22.873,1816,1,1,1,1,1,0,7,10,3,10
2018-07-06T13:03:34.670244,-0.343,1.065,0.291,76.585,-20.854,-131.463,1244.392,-0.324,-0.944,0.28,-95.366,-78.11,-36.707,2.962,0.037,0.494,-0.235,50.793,-39.39,9.634,962.783,-1.03,0.023,-0.843,-0.488,-47.622,16.768,320.263,0.221,-0.733,0.331,-15.549,-72.866,30.793,22.873,794,1,1,1,1,1,0,7,10,3,10
2018-07-06T13:03:34.716367,-0.343,1.065,0.291,52.439,49.695,2.988,1244.392,-0.132,0.119,0.166,0.793,18.72,10.732,2.962,0.037,0.494,-0.235,-6.646,-21.037,13.598,962.783,-1.03,0.023,-0.843,15.488,-28.841,39.573,320.263,0.221,-0.733,0.331,-123.598,-30.793,24.573,22.873,579,1,1,1,1,1,0,7,10,3,10
2018-07-06T13:03:34.773777,-0.045,0.42,-0.19,88.537,56.524,99.146,1244.392,0.167,-0.058,0.15,65.427,-52.378,49.329,2.962,0.072,-0.195,0.14,-59.146,23.476,3.11,962.783,0.263,0.036,0.198,6.768,-2.012,49.146,320.263,0.169,-1.132,0.319,-13.598,15.305,0.793,22.873,59,1,1,1,1,1,0,7,10,3,10
2018-07-06T13:03:34.823410,-0.184,-0.218,0.04,-43.902,54.512,86.159,1244.392,0.167,-0.058,0.15,67.805,80.244,33.537,2.962,-0.172,0.02,-0.093,10.061,28.598,-1.28,962.783,0.119,-0.003,-0.135,3.72,-5.305,-23.049,320.263,0.086,-0.26,0.246,79.085,53.902,-111.159,22.873,-1945,1,1,1,1,1,0,7,10,3,10
2018-07-06T13:03:34.871037,-0.184,-0.218,0.04,11.768,34.634,77.195,1244.392,-0.063,-0.056,-0.077,54.634,-37.134,6.768,2.962,-0.172,0.02,-0.093,-54.817,5.061,2.012,962.783,0.119,-0.003,-0.135,-1.768,20.854,-35.061,320.263,0.086,-0.26,0.246,15.122,31.585,-100.732,22.873,-1938,1,1,1,1,1,0,7,10,3,10
2018-07-06T13:03:34.919166,-1.637,0.47,0.265,-8.598,28.72,93.11,1244.392,-0.207,-1.834,0.568,28.78,-31.829,0.305,2.962,-0.385,-1.376,-0.553,-35.366,-13.537,12.866,962.783,-0.121,0.039,-0.132,-1.951,14.146,-29.146,320.263,0.034,0.447,-0.299,18.72,25.915,-98.841,22.873,39,1,1,1,1,1,0,7,10,3,10
2018-07-06T13:03:34.965791,-1.637,0.47,0.265,-6.22,22.378,-58.049,1244.392,-0.207,-1.834,0.568,53.659,-73.293,-23.659,2.962,-0.385,-1.376,-0.553,-36.524,-39.085,45.183,962.783,-0.121,0.039,-0.132,2.927,11.585,-25.671,320.263,0.034,0.447,-0.299,-33.537,-0.915,-148.598,22.873,408,1,1,1,1,1,0,7,10,3,10
2018-07-06T13:03:35.012415,-2.349,0.217,-0.647,36.341,19.024,-57.927,1099.254,0.162,-3.032,1.121,61.585,-25.732,26.037,2.962,-0.42,-3.476,-0.462,-16.89,-23.476,27.866,962.783,-1.136,-0.107,-0.967,-1.707,41.707,-33.902,320.263,-1.652,4.852,-1.772,132.805,26.098,-85.915,22.873,362,1,1,1,1,1,0,7,10,3,10
2018-07-06T13:03:35.076587,-1.511,0.115,0.048,-78.354,-109.39,-40.671,1099.254,-0.323,-1.147,0.216,-124.634,-64.024,-55.793,2.962,-0.392,-1.399,-0.382,-7.317,-10.366,-32.012,962.783,-2.536,-0.423,-2.487,-16.585,30.61,-22.988,320.263,-0.479,1.994,-0.902,-88.78,29.207,23.293,22.873,-1543,1,1,1,1,1,0,7,10,3,10
2018-07-06T13:03:35.120894,-1.511,0.115,0.048,1.89,-91.28,-128.963,1099.254,-0.323,-1.147,0.216,-128.842,-20.732,-4.756,2.962,-0.392,-1.399,-0.382,-17.744,-40.793,-29.268,962.783,-2.536,-0.423,-2.487,1.341,3.415,11.89,320.263,-0.479,1.994,-0.902,-87.256,-45.976,28.841,22.873,1584,1,1,1,1,1,0,7,10,3,10
2018-07-06T13:03:35.167017,-0.289,0.72,0.496,86.829,-21.463,-113.293,1099.254,0.141,0.238,0.082,-107.5,-1.28,15.915,2.962,0.112,0.477,-0.266,82.317,-44.39,-10,962.783,-1.051,-0.077,-0.979,-3.232,-20.488,23.72,320.263,0.415,-0.856,0.268,-1.951,-69.512,39.878,22.873,1946,1,1,1,1,1,0,7,10,3,10
2018-07-06T13:03:35.214644,-0.289,0.72,0.496,22.622,15,-33.415,1099.254,0.141,0.238,0.082,-39.939,18.171,22.256,2.962,0.112,0.477,-0.266,23.476,-34.939,1.585,962.783,-1.051,-0.077,-0.979,-4.207,-33.11,50.732,320.263,0.415,-0.856,0.268,-40.122,-41.037,50.915,22.873,833,1,1,1,1,1,0,7,10,3,10
2018-07-06T13:03:35.261770,0.053,0.384,-0.14,50.976,31.585,40.183,1099.254,0.165,-0.116,0.14,20.732,16.28,24.451,2.962,0.043,-0.105,0.036,41.402,15.366,-1.463,962.783,0.187,0.165,0.198,1.768,-14.695,23.354,320.263,0.462,-0.723,0.314,-57.073,11.585,71.585,22.873,584,1,1,1,1,1,0,7,10,3,10
2018-07-06T13:03:35.307894,-0.29,0.225,-0.182,-111.829,17.988,39.878,1099.254,-0.239,-0.182,-0.032,53.659,28.354,-5.366,2.962,-0.135,-0.039,-0.118,15.793,26.951,-5,962.783,0.058,0.003,-0.101,7.927,-8.293,-7.134,320.263,0.159,-0.386,0.202,-87.744,96.829,29.024,22.873,251,1,1,1,1,1,0,7,10,3,10
2018-07-06T13:03:35.357025,-0.29,0.225,-0.182,-94.329,27.561,63.598,1099.254,-0.239,-0.182,-0.032,25.61,79.207,50,2.962,-0.135,-0.039,-0.118,-17.744,9.756,-0.549,962.783,0.058,0.003,-0.101,15.732,6.89,-18.72,320.263,0.159,-0.386,0.202,2.683,26.341,-64.817,22.873,-2048,1,1,1,1,1,0,7,10,3,10
2018-07-06T13:03:35.401143,-1.933,0.232,0.104,4.085,9.939,136.89,1099.254,0.055,-1.583,0.354,31.89,26.341,71.341,2.962,-0.339,-1.361,-0.401,3.659,22.866,7.988,962.783,-0.102,-0.018,-0.085,11.707,7.256,-19.695,320.263,-0.136,0.925,-0.401,29.756,-0.244,-74.39,22.873,-1722,1,1,1,1,1,0,7,10,3,10
2018-07-06T13:03:35.447770,-1.933,0.232,0.104,-2.988,34.451,-13.476,1099.254,0.055,-1.583,0.354,166.402,-204.512,-33.841,2.962,-0.339,-1.361,-0.401,-43.537,17.561,25.061,962.783,-0.102,-0.018,-0.085,5.427,2.134,-15.122,320.263,-0.136,0.925,-0.401,7.927,25.793,-88.78,22.873,-226,1,1,1,1,1,0,7,10,3,10
2018-07-06T13:03:35.494896,-2.03,0.404,-0.408,29.756,14.451,14.817,1099.254,-0.066,-2.948,0.957,96.463,-42.5,-34.146,2.962,-0.511,-3.557,-0.361,-15.244,7.256,22.012,962.783,-1.128,-0.083,-0.971,-12.805,18.354,-11.829,320.263,-1.738,4.739,-1.744,200.366,16.22,4.085,22.873,224,1,1,1,1,1,0,7,10,3,10
2018-07-06T13:03:35.542027,-2.03,0.404,-0.408,-21.159,-7.073,-3.537,1099.254,-0.158,-1.3,0.295,-138.049,25.732,-38.354,2.962,-0.338,-1.183,-0.408,5.549,-10.854,-14.451,962.783,-2.617,-0.164,-2.441,-0.061,14.146,3.537,320.263,-0.38,1.404,-0.716,-82.439,28.537,62.195,22.873,395,1,1,1,1,1,0,7,10,3,10
2018-07-06T13:03:35.589153,-1.529,-0.062,0.208,24.878,-82.073,-101.585,1099.254,-0.158,-1.3,0.295,-67.927,-88.598,-13.78,2.962,-0.338,-1.183,-0.408,3.659,-36.037,-11.89,962.783,-2.617,-0.164,-2.441,-11.22,-10.671,17.561,320.263,-0.38,1.404,-0.716,-40.366,-24.512,30.305,22.873,-1271,1,1,1,1,1,0,7,10,3,10
2018-07-06T13:03:35.702462,-0.103,0.739,0.516,-6.098,43.232,3.72,1099.254,0.175,-0.011,0.048,-43.415,8.11,71.22,2.962,-0.051,-0.059,0.058,28.598,10.183,-0.549,962.783,0.15,0.183,0.234,5.793,4.695,39.207,320.263,0.3,-0.924,0.41,-89.939,-5.976,114.878,22.873,1707,1,1,1,1,1,0,7,10,3,10
2018-07-06T13:03:35.745078,0.042,0.247,-0.105,-11.159,2.195,7.378,1099.254,0.175,-0.011,0.048,43.963,-52.195,10.549,2.962,-0.051,-0.059,0.058,48.354,15.732,-0.122,962.783,0.15,0.183,0.234,-6.159,3.78,7.195,320.263,0.3,-0.924,0.41,-77.073,68.476,15.549,22.873,738,1,1,1,1,1,0,7,10,3,10
2018-07-06T13:03:35.792203,-0.408,0.48,-0.254,-101.463,17.683,23.415,1099.254,-0.162,-0.232,0.011,41.341,59.39,-3.171,2.962,-0.085,-0.053,-0.152,-7.378,12.622,2.744,962.783,0.056,-0.018,-0.114,-8.841,-7.256,-23.72,320.263,0.11,-0.262,0.265,46.098,2.988,-72.012,22.873,668,1,1,1,1,1,0,7,10,3,10
2018-07-06T13:03:35.841340,-0.408,0.48,-0.254,-25.61,36.402,108.293,1099.254,-0.162,-0.232,0.011,61.463,42.195,50.122,2.962,-0.085,-0.053,-0.152,-16.22,15.854,3.537,962.783,0.056,-0.018,-0.114,3.232,7.256,-30,320.263,0.11,-0.262,0.265,21.951,0.549,-68.415,22.873,10,1,1,1,1,1,0,7,10,3,10
2018-07-06T13:03:35.991679,-1.971,0.353,-0.442,-15.671,-5.732,4.695,1099.254,-0.354,-2.991,1.054,-48.293,22.988,-23.841,2.962,-0.542,-3.559,-0.36,36.768,-1.951,-6.707,962.783,-1.094,-0.037,-0.917,-27.378,12.256,-8.537,320.263,-1.903,4.934,-2.037,80.854,70.061,77.073,22.873,-1191,1,1,1,1,1,0,7,10,3,10
2018-07-06T13:03:36.041839,-1.506,-0.027,0.028,-44.329,-67.805,-48.902,1099.254,-0.287,-1.553,0.354,-132.683,-20.793,-67.622,3.436,-0.317,-1.297,-0.298,1.098,-19.939,-16.951,1011.691,-2.705,-0.189,-2.325,-1.463,22.927,-9.756,513.978,-0.332,1.196,-0.827,-95,28.415,91.89,18.488,-25,1,1,1,1,1,1,7,10,3,10
2018-07-06T13:03:36.092976,-1.506,-0.027,0.028,30,-80,-101.829,1099.254,0.041,0.212,-0.072,-53.72,-71.585,-34.39,3.436,-0.317,-1.297,-0.298,-30,-34.451,-22.317,1011.691,-2.705,-0.189,-2.325,-5.244,-4.39,6.707,513.978,-0.332,1.196,-0.827,-59.817,-35.671,46.159,18.488,859,1,1,1,1,1,1,7,10,3,10
2018-07-06T13:03:36.150633,-0.153,0.658,0.375,49.451,-1.341,-67.683,1099.254,0.041,0.212,-0.072,-14.634,51.402,-2.683,3.436,0.126,0.494,-0.319,-1.28,-21.89,-3.232,1011.691,-1.125,-0.058,-0.998,10.793,-29.451,17.317,513.978,0.386,-0.953,0.365,49.024,61.646,61.098,18.488,-1299,1,1,1,1,1,1,7,10,3,10
2018-07-06T13:03:36.196757,0.04,0.163,-0.04,38.293,13.963,7.012,1099.254,0.077,-0.071,0.002,-51.585,84.329,53.902,3.436,-0.093,-0.086,-0.003,-16.28,30,3.354,1011.691,0.08,0.136,0.265,13.293,9.817,27.744,513.978,0.31,-0.565,0.521,-55,-124.878,23.78,18.488,738,1,1,1,1,1,1,7,10,3,10
2018-07-06T13:03:36.244891,0.04,0.163,-0.04,42.927,-10.61,-18.354,1099.254,0.077,-0.071,0.002,13.72,-45.854,6.646,3.436,-0.093,-0.086,-0.003,36.22,19.329,-8.415,1011.691,0.08,0.136,0.265,1.098,8.415,11.22,513.978,0.31,-0.565,0.521,-122.866,10.61,59.634,18.488,1948,1,1,1,1,1,1,7,10,3,10
2018-07-06T13:03:36.292016,-0.514,0.587,-0.156,-34.146,19.146,11.951,1099.254,0.035,-0.209,0.111,76.037,66.646,-1.037,3.436,-0.036,-0.031,-0.227,-5.671,-0.244,-9.085,1011.691,0.057,0.012,-0.058,-7.073,7.866,-19.695,513.978,0.096,-0.396,0.229,-61.89,133.232,-27.683,18.488,872,1,1,1,1,1,1,7,10,3,10
2018-07-06T13:03:36.338144,-0.514,0.587,-0.156,-39.39,50.854,113.842,1099.254,-0.083,-1.165,0.24,100.427,28.415,72.012,3.436,-0.185,-1.219,-0.407,-1.585,32.012,-4.756,1011.691,-0.062,0.019,-0.056,3.902,7.256,-16.585,513.978,0.096,-0.396,0.229,36.341,-16.768,-83.537,18.488,491,1,1,1,1,1,1,7,10,3,10
2018-07-06T13:03:36.407331,-1.98,0.308,0.275,2.195,48.537,4.512,1099.254,-0.222,-2.384,1.16,166.585,-42.622,24.512,3.436,-0.185,-1.219,-0.407,-26.524,28.293,-3.963,1011.691,-0.062,0.019,-0.056,2.134,3.963,-21.829,513.978,-0.036,0.397,-0.169,-36.829,-22.622,-116.768,18.488,-1514,1,1,1,1,1,1,7,10,3,10
2018-07-06T13:03:36.448444,-1.443,0.518,-0.538,54.085,54.573,80.793,1099.254,-0.222,-2.384,1.16,53.78,19.329,3.354,3.436,-0.474,-3.32,-0.185,-6.646,-0.183,5.366,1011.691,-0.811,-0.012,-0.79,-9.756,19.939,-18.171,513.978,-2.093,4.606,-1.788,97.561,-37.378,-111.342,18.488,-2048,1,1,1,1,1,1,7,10,3,10
2018-07-06T13:03:36.493564,-1.443,0.518,-0.538,-26.89,-43.049,-12.134,1099.254,-0.486,-2.056,0.693,-145.854,67.195,-88.841,3.436,-0.474,-3.32,-0.185,52.195,49.573,2.988,1011.691,-2.286,-0.282,-2.376,-4.329,30,-15.793,513.978,-2.093,4.606,-1.788,137.622,-16.524,-3.171,18.488,-358,1,1,1,1,1,1,7,10,3,10
2018-07-06T13:03:36.544708,-1.64,0.172,-0.133,-34.39,-67.927,-66.159,1099.254,-0.486,-2.056,0.693,-184.695,23.659,-64.695,3.436,-0.343,-2.009,-0.302,-45.183,-18.171,-8.659,1011.691,-2.286,-0.282,-2.376,22.195,26.28,10.244,513.978,-0.564,2.34,-0.859,1.585,1.89,42.012,18.488,-11,1,1,1,1,1,1,7,10,3,10
2018-07-06T13:03:36.588825,-1.64,0.172,-0.133,-14.268,-91.585,-107.195,1099.254,0.021,-0.256,-0.08,-109.085,-76.524,-46.098,3.436,-0.065,0.284,-0.429,52.134,-41.037,-1.951,1011.691,-1.631,-0.15,-1.747,10.671,-1.098,-8.963,513.978,0.558,-0.438,0.22,-30,-16.341,40.549,18.488,738,1,1,1,1,1,1,7,10,3,10
2018-07-06T13:03:36.650996,-0.652,0.645,0.358,56.524,26.037,-68.11,1099.254,-0.006,-0.083,0.182,-37.805,35.244,6.829,3.436,-0.065,0.284,-0.429,96.037,-45.671,22.378,1011.691,-1.631,-0.15,-1.747,7.195,-30.549,3.659,513.978,0.558,-0.438,0.22,14.085,46.951,20.732,18.488,-1592,1,1,1,1,1,1,7,10,3,10
2018-07-06T13:03:36.706647,0.023,0.427,-0.053,92.134,43.476,41.951,1099.254,-0.006,-0.083,0.182,-27.622,26.707,44.268,3.436,0.08,-0.01,-0.117,11.585,20.122,-6.22,1011.691,-0.119,0.089,0.183,22.073,-46.707,22.134,513.978,0.428,-0.644,0.279,-63.354,-51.524,147.988,18.488,1312,1,1,1,1,1,1,7,10,3,10
2018-07-06T13:03:36.747756,0.023,0.427,-0.053,42.866,31.159,54.878,1099.254,0.188,-0.038,0.056,67.866,19.39,32.134,3.436,-0.078,0.016,-0.009,87.805,24.512,-10.915,1011.691,0.074,0.037,0.067,8.354,-51.524,-8.659,513.978,0.164,-0.528,0.201,-86.89,73.049,101.707,18.488,2047,1,1,1,1,1,1,7,10,3,10
2018-07-06T13:03:36.794382,-0.174,-0.158,-0.041,-84.878,40,46.159,1099.254,0.188,-0.038,0.056,66.037,60.366,-8.293,3.436,-0.078,0.016,-0.009,-35.976,12.683,-0.854,1011.691,0.074,0.037,0.067,-6.829,-41.28,-23.049,513.978,0.164,-0.528,0.201,13.963,45.793,-5.976,18.488,988,1,1,1,1,1,1,7,10,3,10
2018-07-06T13:03:36.841006,-1.398,0.826,0.18,-55.793,20.183,96.28,1099.254,-0.106,-0.317,-0.088,52.073,-6.22,32.317,3.436,-0.232,-0.51,-0.393,-36.463,-3.171,0.366,1011.691,0.039,-0.006,-0.114,-9.451,-9.756,-16.524,513.978,0.126,0.094,0.033,31.22,-30.793,-16.707,18.488,576,1,1,1,1,1,1,7,10,3,10
2018-07-06T13:03:36.893145,-1.398,0.826,0.18,38.659,21.159,39.207,1099.254,-0.004,-2.745,1.034,97.073,-109.756,-8.171,3.436,-0.232,-0.51,-0.393,-27.622,-3.354,12.988,1011.691,-0.46,0.014,-0.333,3.659,21.646,0.671,513.978,0.126,0.094,0.033,-40.854,-3.78,-42.683,18.488,-90,1,1,1,1,1,1,7,10,3,10
2018-07-06T13:03:36.932751,-2.187,0.272,-0.433,25.732,42.5,-47.378,1099.254,-0.004,-2.745,1.034,116.585,-130.915,5.793,3.436,-0.392,-3.208,-0.44,-48.049,-25.427,42.378,1011.691,-0.46,0.014,-0.333,-20.976,61.159,3.659,513.978,-1.221,4.155,-1.631,23.476,7.561,-129.817,18.488,-2047,1,1,1,1,1,1,7,10,3,10
2018-07-06T13:03:36.994416,-2.187,0.272,-0.433,14.878,10.183,45,1099.254,0.066,-2.314,0.82,-25.061,10.854,-4.085,3.436,-0.389,-2.325,-0.292,30.488,5.549,-32.683,1011.691,-2.255,-0.268,-1.808,-22.5,47.012,4.024,513.978,-0.871,2.705,-1.34,-32.317,13.659,20.549,18.488,-450,1,1,1,1,1,1,7,10,3,10
2018-07-06T13:03:37.042044,-1.546,0.188,-0.217,-29.817,-103.598,-142.378,1008.999,-0.078,-0.388,0.052,-144.39,-16.585,-11.341,3.436,-0.389,-2.325,-0.292,-3.049,-18.78,-17.256,1011.691,-2.255,-0.268,-1.808,5.976,19.39,4.817,513.978,-0.871,2.705,-1.34,-115,-18.963,14.451,18.488,148,1,1,1,1,1,0,7,10,3,10
2018-07-06T13:03:37.089172,-0.56,0.795,0.333,67.805,-49.878,-131.707,1008.999,-0.078,-0.388,0.052,-122.134,12.317,7.439,3.436,-0.008,0.16,-0.269,-7.439,-23.232,-9.756,1011.691,-2.019,-0.156,-1.875,-3.415,-21.768,6.402,513.978,0.691,-0.652,0.162,-46.159,-26.768,-42.561,18.488,741,1,1,1,1,1,0,7,10,3,10
2018-07-06T13:03:37.152844,-0.56,0.795,0.333,23.232,7.866,-72.256,1008.999,-0.062,0.048,0.198,-82.866,34.024,10.427,3.436,0.028,0.019,-0.094,-18.78,-1.829,15.793,1011.691,-0.104,0.089,-0.048,-3.232,-41.951,21.707,513.978,0.329,-0.617,0.348,-2.012,-68.476,60.427,18.488,344,1,1,1,1,1,0,7,10,3,10
2018-07-06T13:03:37.198468,0.054,0.448,-0.135,73.72,40.122,80.732,1008.999,0.231,-0.14,0.115,85.244,-11.037,19.573,3.436,0.028,0.019,-0.094,32.988,16.22,7.744,1011.691,-0.104,0.089,-0.048,11.463,-29.207,34.085,513.978,0.329,-0.617,0.348,-65.854,-177.073,-66.768,18.488,-962,1,1,1,1,1,0,7,10,3,10
2018-07-06T13:03:37.243590,-0.331,-0.094,-0.069,-47.012,57.805,84.207,1008.999,0.231,-0.14,0.115,65.793,101.098,-4.024,3.436,-0.095,0.03,-0.033,76.159,33.902,-9.024,1011.691,0.19,0.027,0.043,9.634,-10.122,-4.329,513.978,0.426,-0.403,0.244,-82.317,53.963,15.305,18.488,1670,1,1,1,1,1,0,7,10,3,10
2018-07-06T13:03:37.627197,-0.903,0.411,0.36,60.915,-6.646,-72.561,1008.999,0.292,0.254,-0.133,-39.39,-141.524,-60.976,3.436,0.144,0.41,-0.273,0.732,-50.61,10.549,1011.691,-0.571,0.163,-0.233,-5.366,-52.378,23.232,513.978,0.19,-0.556,0.313,-39.695,48.476,-59.512,18.488,1468,1,1,1,1,1,0,7,10,3,10
2018-07-06T13:03:37.713432,0.118,0.454,0.186,17.5,22.195,38.598,1008.999,0.218,-0.088,0.04,32.561,-59.024,12.256,3.436,0.046,-0.077,-0.055,78.78,14.146,-10.976,1011.691,0.038,0.123,0.203,-11.341,-6.89,31.098,513.978,0.19,-0.556,0.313,-98.171,25.61,152.378,18.488,1468,1,1,1,1,1,0,7,10,3,10
2018-07-06T13:03:37.760563,-0.11,-0.201,0.058,-22.744,-6.22,-2.988,1008.999,-0.046,-0.224,0.033,84.695,18.232,-17.073,3.436,0.046,-0.077,-0.055,22.195,11.585,-7.927,1011.691,0.038,0.123,0.203,-11.89,-24.146,-5.488,513.978,0.19,-0.556,0.313,-14.268,111.768,-54.146,18.488,1468,1,1,1,1,1,0,7,10,3,10
2018-07-06T13:03:37.807689,-0.888,0.829,-0.256,-72.378,10.122,26.524,1008.999,-0.046,-0.224,0.033,69.573,45.488,25.183,3.436,-0.133,-0.169,-0.237,-86.829,15.244,-3.78,1011.691,0.006,0.067,-0.046,9.573,12.012,-13.659,513.978,0.079,-0.153,0.241,52.5,-3.049,-86.768,18.488,1468,1,1,1,1,1,0,7,10,3,10
2018-07-06T13:03:37.852811,-0.888,0.829,-0.256,-53.963,29.756,178.659,1008.999,-0.198,-1.098,0.436,105.549,-31.707,72.378,3.436,-0.133,-0.169,-0.237,1.707,12.073,1.037,1011.691,-0.056,0.004,-0.126,19.39,11.463,-17.195,513.978,0.079,-0.153,0.241,3.476,-8.415,-65.61,18.488,1468,1,1,1,1,1,0,7,10,3,10
2018-07-06T13:03:37.899940,-2.196,0.384,-0.185,50.061,44.695,-20.305,1008.999,-0.198,-1.098,0.436,104.085,-78.841,35,3.436,-0.373,-2.218,-0.384,-43.659,-18.841,37.317,1011.691,-0.056,0.004,-0.126,23.049,23.902,-30.793,513.978,-0.772,2.305,-0.777,-44.573,-44.451,-102.805,18.488,1468,1,1,1,1,1,0,7,10,3,10
2018-07-06T13:03:37.952583,-2.196,0.384,-0.185,20.366,67.317,-21.402,1008.999,0.063,-2.965,1.081,-45.488,125.61,40.366,3.436,-0.396,-3.104,-0.478,36.768,13.415,-0.732,1011.691,-1.247,-0.217,-1.249,12.5,44.451,-30.305,513.978,-1.834,4.615,-1.744,210.488,28.354,-4.695,18.488,1340,1,1,1,1,1,0,7,10,3,10
2018-07-06T13:03:37.995197,-1.874,0.189,-0.531,-8.841,-5.61,30.915,1008.999,0.029,-1.703,0.497,-93.415,-28.72,-85,3.436,-0.396,-3.104,-0.478,12.439,20.061,-10.854,1011.691,-1.247,-0.217,-1.249,-12.012,50.61,-38.11,513.978,-1.834,4.615,-1.744,-125.61,45.854,44.634,18.488,642,1,1,1,1,1,0,7,10,3,10
2018-07-06T13:03:38.043326,-0.846,0.316,0.236,8.232,-105.793,-102.5,1008.999,0.029,-1.703,0.497,-116.098,-42.744,-67.195,3.91,-0.228,-0.845,-0.373,-15.732,-3.232,-25.305,1066.612,-2.604,-0.221,-2.348,18.78,-8.902,4.085,632.229,0.388,0.169,-0.327,-99.146,-31.341,57.927,27.812,544,1,1,1,1,1,1,7,10,3,10
2018-07-06T13:03:38.092457,-0.846,0.316,0.236,76.098,-6.402,-80.549,1008.999,-0.201,0.113,-0.113,-95.061,-13.171,-0.305,3.91,0.046,0.452,-0.254,-13.72,-22.988,-30.488,1066.612,-0.925,-0.063,-0.821,4.756,-45.549,-2.073,632.229,0.388,0.169,-0.327,11.098,-33.659,55.244,27.812,-883,1,1,1,1,1,1,7,10,3,10
2018-07-06T13:03:38.135572,-0.005,0.438,0.052,11.524,30.488,-24.146,1008.999,-0.201,0.113,-0.113,-37.5,-15.244,-7.134,3.91,0.046,0.452,-0.254,14.024,-25.183,18.659,1066.612,-0.925,-0.063,-0.821,-2.439,-40.549,24.207,632.229,0.417,-0.884,0.369,54.329,-32.134,66.585,27.812,-2048,1,1,1,1,1,1,7,10,3,10
2018-07-06T13:03:38.182698,-0.005,0.438,0.052,9.329,30.671,20.122,1008.999,0.162,-0.118,0.095,19.817,15,39.634,3.91,0.043,-0.102,0.022,-20.122,39.451,-2.073,1066.612,0.129,0.068,0.212,2.195,-21.646,39.695,632.229,0.417,-0.884,0.369,17.256,-41.28,17.195,27.812,-1388,1,1,1,1,1,1,7,10,3,10
2018-07-06T13:03:38.242357,-0.174,0.045,-0.125,-0.671,15.854,19.634,1008.999,0.087,-0.137,0.112,64.695,29.39,-4.756,3.91,0.043,-0.102,0.022,62.012,35.244,-9.39,1066.612,0.053,-0.011,-0.057,-18.598,-31.646,-34.817,632.229,0.294,-0.508,0.368,-96.768,23.232,84.207,27.812,-54,1,1,1,1,1,1,7,10,3,10
2018-07-06T13:03:38.292491,-0.905,0.675,0.082,-54.512,37.256,57.5,1008.999,0.087,-0.137,0.112,64.512,57.317,-9.085,3.91,-0.115,-0.162,-0.213,-28.476,22.317,-3.11,1066.612,0.053,-0.011,-0.057,-21.037,2.256,-39.817,632.229,0.171,-0.324,0.094,-20.488,21.951,-18.171,27.812,673,1,1,1,1,1,1,7,10,3,10
2018-07-06T13:03:38.339617,-0.905,0.675,0.082,-56.524,9.146,145.671,1008.999,-0.208,-0.941,0.305,83.537,-41.768,7.134,3.91,-0.49,-2.28,-0.494,-25.183,2.5,25.183,1066.612,-0.088,0.081,-0.139,-24.756,8.232,-27.866,632.229,0.171,-0.324,0.094,45.671,-20.366,-33.049,27.812,676,1,1,1,1,1,1,7,10,3,10
2018-07-06T13:03:38.388247,-2.153,0.328,-0.1,2.317,33.049,-22.134,1008.999,0.077,-3.127,1.065,77.927,-158.902,-9.207,3.91,-0.49,-2.28,-0.494,-18.476,-48.293,49.146,1066.612,-0.088,0.081,-0.139,-34.39,17.744,-16.098,632.229,-0.637,2.931,-1.707,15.244,-25.183,-73.841,27.812,-1411,1,1,1,1,1,1,7,10,3,10
2018-07-06T13:03:38.437432,-2.153,0.328,-0.1,65.488,54.939,-28.902,1008.999,0.077,-3.127,1.065,-62.683,21.707,9.695,3.91,-0.482,-3.07,-0.302,23.476,-19.085,-20.915,1066.612,-1.333,-0.026,-1.178,-56.22,30.793,-11.585,632.229,-1.612,3.902,-2.457,355.671,101.159,96.585,27.812,994,1,1,1,1,1,1,7,10,3,10
2018-07-06T13:03:38.480046,-1.955,0.052,-0.579,-53.415,-65.671,1.037,1008.999,0.01,-1.628,0.375,-130.244,-9.939,-46.646,3.91,-0.482,-3.07,-0.302,6.707,-10.305,-34.573,1066.612,-2.82,-0.182,-2.266,-16.646,15,-27.866,632.229,-1.612,3.902,-2.457,-208.476,90.488,103.781,27.812,2047,1,1,1,1,1,1,7,10,3,10
2018-07-06T13:03:38.541710,-0.57,0.572,0.289,44.512,-42.927,-128.354,1008.999,-0.116,0.219,-0.138,-105.244,17.988,-4.878,3.91,-0.152,-0.443,-0.334,12.073,-30.061,-5.305,1066.612,-2.82,-0.182,-2.266,-35.549,-45.488,-1.402,632.229,0.563,-0.922,-0.162,-242.317,-16.524,33.72,27.812,873,1,1,1,1,1,1,7,10,3,10
2018-07-06T13:03:38.590340,-0.57,0.572,0.289,-16.22,23.902,-89.939,1008.999,-0.116,0.219,-0.138,-62.073,-8.72,14.878,3.91,0.087,0.277,-0.247,32.744,-33.171,21.89,1066.612,-0.703,0.055,-0.545,-63.049,-94.939,-0.549,632.229,0.563,-0.922,-0.162,140.122,-36.89,200.671,27.812,583,1,1,1,1,1,1,7,10,3,10
2018-07-06T13:03:38.691109,-0.242,-0.123,0.032,23.902,23.476,42.805,1008.999,0.332,-0.126,0.274,109.695,-12.256,11.951,3.91,0,-0.031,-0.001,24.573,29.695,-2.5,1066.612,0.179,0.021,0.305,-24.024,5.549,-32.134,632.229,0.089,-0.389,0.494,-76.951,82.744,-57.439,27.812,-2048,1,1,1,1,1,1,7,10,3,10
2018-07-06T13:03:38.731718,-0.242,-0.123,0.032,-22.927,27.927,41.89,1008.999,-0.036,-0.145,-0.103,92.256,89.085,-30.488,3.91,-0.174,-0.205,-0.26,24.573,29.695,-2.5,1066.612,0.052,0.039,-0.108,-39.085,-1.951,-43.598,632.229,0.089,-0.389,0.494,-3.171,28.476,-96.159,27.812,-2048,1,1,1,1,1,1,7,10,3,10
2018-07-06T13:03:38.777841,-1.171,0.96,0.1,-74.817,18.841,84.085,1008.999,-0.24,-1.047,0.372,91.768,-19.878,19.207,3.91,-0.174,-0.205,-0.26,-27.927,-2.622,0.915,1066.612,0.052,0.039,-0.108,-18.537,9.817,-20.732,632.229,0.197,-0.181,0.197,-16.707,3.049,-74.024,27.812,-503,1,1,1,1,1,1,7,10,3,10
2018-07-06T13:03:38.824466,-1.171,0.96,0.1,47.073,2.683,117.378,1008.999,-0.24,-1.047,0.372,98.171,-20.244,29.329,3.91,-0.375,-2.408,-0.363,-29.39,-11.28,34.329,1066.612,-0.121,0.066,-0.068,-33.476,10.671,9.451,632.229,0.197,-0.181,0.197,24.512,-7.073,-65.549,27.812,152,1,1,1,1,1,1,7,10,3,10
2018-07-06T13:03:38.875127,-2.003,0.271,-0.386,38.72,55.061,-43.415,1008.999,0.417,-2.757,1.265,91.098,-206.159,33.902,3.91,-0.375,-2.408,-0.363,47.073,-54.146,43.841,1066.612,-0.121,0.066,-0.068,-58.78,12.866,-22.927,632.229,-0.479,2.764,-2.38,233.171,-21.098,-189.207,27.812,838,1,1,1,1,1,1,7,10,3,10
2018-07-06T13:03:38.918744,-2.003,0.271,-0.386,42.439,-0.061,-36.951,1008.999,0.417,-2.757,1.265,-19.939,9.39,-3.598,3.91,-0.463,-2.942,-0.295,13.415,13.354,-8.11,1066.612,-1.417,0.03,-1.163,-86.159,83.78,-18.72,632.229,-1.402,3.231,-2.86,251.524,128.902,8.476,27.812,893,1,1,1,1,1,1,7,10,3,10
2018-07-06T13:03:38.964868,-1.863,0.109,-0.513,-52.866,-44.207,4.39,1008.999,0.07,-1.851,0.631,-134.878,60.122,-24.695,3.91,-0.463,-2.942,-0.295,-21.585,16.585,-25.671,1066.612,-2.866,0.162,-2.106,-39.756,33.902,-49.634,632.229,-1.402,3.231,-2.86,-224.573,130.549,82.805,27.812,-754,1,1,1,1,1,1,7,10,3,10
2018-07-06T13:03:39.012996,-0.65,0.51,0.185,22.073,-76.402,-107.988,811.374,-0.151,0.059,-0.078,-78.659,-88.415,-0.122,3.91,-0.208,-0.756,-0.339,-3.476,-35.366,-21.037,1066.612,-2.866,0.162,-2.106,-54.024,-16.402,-50.854,632.229,0.569,-0.828,-0.229,-362.866,-2.012,69.939,27.812,813,1,1,1,1,1,0,7,10,3,10
2018-07-06T13:03:39.057615,-0.65,0.51,0.185,-20.671,4.939,-90.671,811.374,-0.151,0.059,-0.078,-83.293,15.671,22.683,3.91,0.046,0.358,-0.258,58.354,-53.537,9.695,1066.612,-0.949,0.025,-0.739,-97.744,-36.037,-43.841,632.229,0.569,-0.828,-0.229,-167.134,-3.902,152.317,27.812,2032,1,1,1,1,1,0,7,10,3,10
2018-07-06T13:03:39.106245,0.002,0.342,0.081,-57.317,32.195,-18.049,811.374,0.129,-0.096,0.105,-78.476,40.427,47.988,3.91,0.046,0.358,-0.258,-40.183,-21.89,7.622,1066.612,-0.949,0.025,-0.739,-91.463,-20.549,-39.39,632.229,0.057,-0.815,0.483,14.024,5.427,110.366,27.812,971,1,1,1,1,1,0,7,10,3,10
2018-07-06T13:03:39.168411,0.002,0.342,0.081,26.646,16.829,35.915,811.374,0.202,-0.143,0.12,97.378,17.134,-8.293,3.91,-0.006,-0.017,-0.023,55.061,6.463,-4.024,1066.612,0.198,-0.147,0.232,-10,15.244,-32.561,632.229,0.191,-0.44,0.287,-77.622,-18.049,-1.341,27.812,326,1,1,1,1,1,0,7,10,3,10
2018-07-06T13:03:39.214651,-0.201,-0.014,-0.09,-80.061,43.963,49.756,811.374,0.202,-0.143,0.12,81.585,98.354,-34.024,3.91,-0.087,-0.167,-0.136,-61.829,12.561,-7.805,1066.612,0.039,-0.002,-0.102,-11.037,0.976,-34.146,632.229,0.191,-0.44,0.287,0.366,62.378,-52.744,27.812,308,1,1,1,1,1,0,7,10,3,10
2018-07-06T13:03:39.261275,-1.388,0.685,0.301,-91.037,16.829,102.622,811.374,-0.207,-0.768,0.176,90.244,23.171,9.695,3.91,-0.087,-0.167,-0.136,-31.707,16.22,-12.622,1066.612,0.039,-0.002,-0.102,-14.207,9.39,-17.622,632.229,0.136,-0.099,0.092,-18.537,12.439,-77.744,27.812,-1953,1,1,1,1,1,0,7,10,3,10
2018-07-06T13:03:39.309906,-1.388,0.685,0.301,19.451,15.61,65.976,811.374,-0.207,-0.768,0.176,94.268,-10.061,17.988,3.91,-0.324,-2.155,-0.444,-1.098,11.951,6.951,1066.612,-0.047,0.025,-0.102,-5.244,22.5,2.134,632.229,0.136,-0.099,0.092,-9.329,-17.622,-61.098,27.812,-2048,1,1,1,1,1,0,7,10,3,10
2018-07-06T13:03:39.356029,-1.857,0.296,-0.369,47.012,46.341,-28.537,811.374,0.287,-2.612,1.147,178.476,-188.171,0.61,3.91,-0.324,-2.155,-0.444,-13.72,-15.122,35.305,1066.612,-1.146,-0.005,-1.049,6.341,44.695,28.598,632.229,-0.22,3.19,-1.808,62.927,-53.598,-77.805,27.812,-1309,1,1,1,1,1,0,7,10,3,10
2018-07-06T13:03:39.417193,-1.703,0.307,-0.386,-53.841,-55.732,-44.817,811.374,0.016,-2.069,0.855,-140.366,56.463,-46.707,3.91,-0.474,-3.122,-0.303,-21.951,13.963,-7.927,1066.612,-1.146,-0.005,-1.049,56.585,83.841,58.72,632.229,-0.572,3.16,-1.857,60.976,69.634,31.037,27.812,469,1,1,1,1,1,0,7,10,3,10
2018-07-06T13:03:39.483370,-1.703,0.307,-0.386,-35.427,-61.463,-48.659,811.374,0.039,-0.256,0.034,-165.244,31.28,6.646,3.91,-0.218,-1.078,-0.32,-42.744,-29.146,-10.427,1066.612,-2.68,0.323,-2.335,-29.207,-7.195,1.463,632.229,0.324,-0.039,-0.168,-146.342,-8.476,35.305,27.812,1172,1,1,1,1,1,0,7,10,3,10
2018-07-06T13:03:39.542026,-1.002,0.312,0.177,36.402,-24.695,-123.902,811.374,0.039,-0.256,0.034,-58.11,-90,-8.049,3.91,0.026,0.632,-0.299,75.183,-37.012,2.561,1066.612,-1.232,0.203,-1.104,-16.89,-54.939,15.915,632.229,0.324,-0.039,-0.168,-48.78,-14.817,45.061,27.812,-1425,1,1,1,1,1,0,7,10,3,10
2018-07-06T13:03:39.590155,0.049,0.665,0.063,-111.768,24.024,-35.793,811.374,-0.131,-0.074,0.039,-27.744,0.732,1.89,3.91,0.026,0.632,-0.299,-57.378,-17.988,19.085,1066.612,-1.232,0.203,-1.104,-10.793,-61.037,1.829,632.229,0.143,-0.778,0.333,-27.073,-32.073,53.232,27.812,2047,1,1,1,1,1,0,7,10,3,10
2018-07-06T13:03:39.637280,0.049,0.665,0.063,-49.634,54.39,60.122,811.374,-0.131,-0.074,0.039,-57.317,117.866,51.829,3.91,-0.049,-0.222,-0.019,-53.354,20.488,7.378,1066.612,0.178,-0.086,0.282,-7.805,-6.585,-10.061,632.229,0.143,-0.778,0.333,31.829,-53.72,41.22,27.812,1601,1,1,1,1,1,0,7,10,3,10
2018-07-06T13:03:39.683404,-0.273,-0.103,-0.108,6.829,26.341,72.622,811.374,0.175,-0.175,0.23,106.768,38.171,17.378,3.91,-0.049,-0.222,-0.019,84.512,18.841,-16.463,1066.612,0.063,-0.042,0.03,-0.671,1.22,-17.988,632.229,0.108,-0.426,0.374,-19.878,15.61,-51.951,27.812,780,1,1,1,1,1,0,7,10,3,10
2018-07-06T13:03:39.730028,-0.273,-0.103,-0.108,-3.11,47.744,67.317,811.374,0.041,-0.108,0.065,56.463,112.256,0.061,3.91,-0.091,-0.063,-0.011,-27.256,21.159,-8.841,1066.612,0.063,-0.042,0.03,2.073,21.768,-18.171,632.229,-0.006,-0.182,0.226,14.939,-22.439,-52.5,27.812,507,1,1,1,1,1,0,7,10,3,10
2018-07-06T13:03:39.785677,-0.823,0.563,0.196,-37.5,-8.598,115.122,811.374,0.041,-0.108,0.065,117.683,-31.829,-20.061,3.91,-0.202,-1.62,-0.479,2.561,5.732,0.549,1066.612,0.035,-0.011,-0.143,-2.866,42.439,4.817,632.229,-0.006,-0.182,0.226,21.22,-18.293,-60.61,27.812,120,1,1,1,1,1,0,7,10,3,10
2018-07-06T13:03:39.838819,-2.127,0.228,-0.097,-20.732,41.707,-32.805,811.374,-0.21,-2.578,1.002,97.927,-12.805,83.232,3.91,-0.202,-1.62,-0.479,-25.732,3.415,37.744,1066.612,-0.707,0.078,-0.739,15.61,43.11,33.232,632.229,-0.918,1.986,-1.114,1.159,-39.451,-84.329,27.812,-2048,1,1,1,1,1,0,7,10,3,10
2018-07-06T13:03:39.900986,-1.713,0.406,-0.559,-36.829,-37.622,-2.317,811.374,0.068,-2.266,1.065,-7.622,13.293,8.476,3.91,-0.459,-3.247,-0.199,20.549,49.573,-1.585,1066.612,-0.707,0.078,-0.739,18.963,66.463,66.22,632.229,-1.194,4.271,-2.329,119.634,-25.793,-134.146,27.812,-1192,1,1,1,1,1,0,7,10,3,10
2018-07-06T13:03:39.951621,-1.713,0.406,-0.559,-56.585,-83.11,-50,811.374,0.068,-2.266,1.065,-173.415,62.378,-96.585,3.91,-0.374,-1.544,-0.384,-37.439,-34.39,-8.11,1066.612,-2.391,0.477,-2.348,22.195,21.951,0.732,632.229,-1.194,4.271,-2.329,-66.768,79.878,11.829,27.812,-58,1,1,1,1,1,0,7,10,3,10
2018-07-06T13:03:40.152162,-0.041,0.176,-0.136,105.244,4.207,36.768,811.374,0.059,-0.125,0.178,-12.988,57.805,40.488,4.74,-0.019,-0.051,0.006,48.232,16.89,-7.927,1139.495,0.049,-0.072,0.064,-22.256,-6.829,-24.756,867.033,0.189,-0.609,0.356,-42.195,48.476,113.781,78.712,1722,1,1,1,1,1,0,7,10,3,10
2018-07-06T13:03:40.198789,-0.041,0.176,-0.136,-22.805,22.927,46.341,811.374,-0.075,-0.145,0.026,68.415,30.305,-20.976,4.74,-0.122,-0.02,-0.045,-3.72,6.341,-11.463,1139.495,0.049,-0.072,0.064,-15.366,-1.098,-18.354,867.033,0.189,-0.609,0.356,-105.488,87.012,38.476,78.712,1147,1,1,1,1,1,0,7,10,3,10
2018-07-06T13:03:40.257445,-0.638,0.464,-0.035,-106.768,11.22,118.293,811.374,-0.075,-0.145,0.026,77.927,0,9.573,4.74,-0.163,-1.034,-0.43,-20.244,-5.305,-9.817,1139.495,-0.016,0.026,-0.162,0.793,-2.134,-21.22,867.033,0.1,-0.34,0.134,4.268,17.317,-56.951,78.712,1613,1,1,1,1,1,0,7,10,3,10
2018-07-06T13:03:40.308650,-2.041,0.272,0.317,-13.963,14.451,51.768,811.374,-0.15,-1.647,0.475,59.024,-15.549,49.817,4.74,-0.163,-1.034,-0.43,-33.537,-8.232,24.939,1139.495,-0.255,-0.006,-0.325,-16.28,-12.5,-6.159,867.033,-0.054,0.898,-0.759,20.061,-27.866,-48.232,78.712,689,1,1,1,1,1,0,7,10,3,10
2018-07-06T13:03:40.354773,-2.041,0.272,0.317,39.756,90.732,-43.72,811.374,0.196,-2.798,1.119,65.793,-84.024,41.402,4.74,-0.436,-3.192,-0.359,23.293,-38.902,46.89,1139.495,-0.255,-0.006,-0.325,-5.366,6.646,6.159,867.033,-0.054,0.898,-0.759,63.415,-101.159,-112.927,78.712,278,1,1,1,1,1,0,7,10,3,10
2018-07-06T13:03:40.402401,-1.986,0.312,-0.779,20.183,7.927,31.402,811.374,0.196,-2.798,1.119,-78.902,40.061,-32.195,4.74,-0.436,-3.192,-0.359,20.549,-16.646,-5.061,1139.495,-2.161,0.015,-1.968,7.195,63.841,32.317,867.033,-1.634,5.33,-2.73,130.427,85.671,63.293,78.712,292,1,1,1,1,1,0,7,10,3,10
2018-07-06T13:03:40.448523,-1.986,0.312,-0.779,-67.5,-77.927,-1.28,811.374,-0.061,-1.397,0.306,-158.842,3.171,-55.854,4.74,-0.266,-1.993,-0.225,-17.683,11.524,-24.024,1139.495,-2.161,0.015,-1.968,-2.744,-2.988,30.366,867.033,-0.092,0.899,-0.476,-265.061,98.841,65.732,78.712,-212,1,1,1,1,1,0,7,10,3,10
2018-07-06T13:03:40.496151,-1.27,0.064,0.106,-21.829,-91.707,-88.171,811.374,-0.061,-1.397,0.306,-135.549,10.671,-10.061,4.74,-0.129,0.289,-0.396,14.634,7.866,-19.573,1139.495,-2.153,0.208,-2.07,-2.561,-30.183,5.244,867.033,-0.092,0.899,-0.476,-193.598,30.61,9.756,78.712,-2048,1,1,1,1,1,0,7,10,3,10
2018-07-06T13:03:40.549802,0.025,0.656,0.289,39.634,13.354,-69.146,811.374,-0.084,0.168,-0.098,-30.976,43.11,-10.854,4.74,-0.129,0.289,-0.396,25.061,-25.915,2.317,1139.495,-0.195,-0.005,0.017,-25.915,-61.28,-12.195,867.033,0.451,-1.032,0.466,-45.427,36.707,65.549,78.712,-1368,1,1,1,1,1,0,7,10,3,10
2018-07-06T13:03:40.605451,0.025,0.656,0.289,-33.476,43.659,14.695,811.374,0.086,-0.088,0.083,-10.122,51.951,40.305,4.74,0.016,0.033,-0.187,-43.963,1.28,3.293,1139.495,-0.195,-0.005,0.017,-27.195,-45.854,-1.341,867.033,0.23,-0.842,0.455,-48.537,19.817,72.866,78.712,1265,1,1,1,1,1,0,7,10,3,10
2018-07-06T13:03:40.652577,-0.06,0.028,-0.007,6.829,17.256,27.195,811.374,0.086,-0.088,0.083,52.927,-38.354,17.927,4.74,-0.098,-0.07,-0.083,40.488,3.659,-10.915,1139.495,-0.002,-0.074,0.237,-36.402,-21.402,2.805,867.033,0.23,-0.842,0.455,-33.841,30.976,-37.317,78.712,1684,1,1,1,1,1,0,7,10,3,10
2018-07-06T13:03:40.700204,-0.718,0.629,0.042,-68.293,12.378,19.634,811.374,0.014,-0.21,0.089,54.085,9.085,-14.329,4.74,-0.098,-0.07,-0.083,-13.11,0.732,-13.049,1139.495,-0.002,-0.074,0.237,-19.146,-29.207,-6.585,867.033,0.104,-0.395,0.273,-36.768,8.902,-54.39,78.712,1497,1,1,1,1,1,0,7,10,3,10
2018-07-06T13:03:40.745826,-0.718,0.629,0.042,-66.22,9.146,163.537,811.374,-0.182,-1.405,0.36,107.317,0.671,46.829,4.74,-0.152,-0.936,-0.334,-14.268,8.659,-12.317,1139.495,-0.011,0.036,-0.119,7.439,7.683,1.951,867.033,0.104,-0.395,0.273,-6.585,-19.39,-53.659,78.712,-1076,1,1,1,1,1,0,7,10,3,10
2018-07-06T13:03:40.792952,-1.904,0.469,0.107,21.28,38.049,76.402,811.374,-0.182,-1.405,0.36,115.549,-36.951,34.268,4.74,-0.152,-0.936,-0.334,-49.39,23.171,27.561,1139.495,-0.178,0.046,-0.361,8.78,4.634,4.512,867.033,-0.127,1.162,-0.545,42.073,-59.756,-73.049,78.712,1474,1,1,1,1,1,0,7,10,3,10
2018-07-06T13:03:40.848100,-1.904,0.469,0.107,20.854,42.744,-14.756,811.374,-0.022,-2.822,0.961,66.341,-86.707,-10.183,4.74,-0.434,-3.182,-0.34,50.915,13.72,-8.598,1139.495,-0.178,0.046,-0.361,11.402,23.049,15.488,867.033,-1.575,5.501,-2.056,325.854,-36.707,-100.61,78.712,789,1,1,1,1,1,0,7,10,3,10
2018-07-06T13:03:40.901743,-2.089,0.21,-0.592,-52.378,-53.293,-16.768,811.374,-0.022,-2.822,0.961,-129.512,123.72,-12.988,4.74,-0.303,-2.029,-0.341,-15.976,4.085,-4.878,1139.495,-2.066,0.254,-1.868,31.402,89.146,28.537,867.033,-1.575,5.501,-2.056,-33.415,122.073,71.402,78.712,-553,1,1,1,1,1,0,7,10,3,10
2018-07-06T13:03:40.948367,-1.183,0.1,0.198,8.841,-89.512,-86.829,811.374,0.029,-1.71,0.467,-53.293,-81.463,-36.829,4.74,-0.303,-2.029,-0.341,-27.805,-1.951,-12.439,1139.495,-2.359,0.406,-1.944,-20.793,-14.329,-6.829,867.033,0.32,0.45,-0.581,-210.915,63.72,107.805,78.712,684,1,1,1,1,1,0,7,10,3,10
2018-07-06T13:03:40.995494,-1.183,0.1,0.198,87.744,-24.634,-99.756,811.374,-0.29,0.209,-0.177,-45.854,3.049,-27.866,4.74,-0.157,0.26,-0.461,19.512,-13.72,-23.476,1139.495,-2.359,0.406,-1.944,-18.293,-50.671,-20.915,867.033,0.32,0.45,-0.581,-27.134,14.817,149.512,78.712,-1533,1,1,1,1,1,0,7,10,3,10
2018-07-06T13:03:41.041616,0.079,0.525,0.243,-7.805,38.049,-33.11,1149.49,-0.29,0.209,-0.177,-28.049,38.354,12.744,4.74,-0.157,0.26,-0.461,75.061,-38.659,-3.476,1139.495,-0.255,-0.004,-0.034,-16.829,-67.744,-22.927,867.033,0.155,-0.801,0.487,289.878,-35.732,197.134,78.712,-2048,1,1,1,1,1,0,7,10,3,10
2018-07-06T13:03:41.088743,0.079,0.525,0.243,4.329,58.11,31.28,1149.49,0.241,-0.029,0.014,-26.951,-9.939,58.049,4.74,0.042,0.088,-0.126,8.72,2.5,-10.488,1139.495,-0.255,-0.004,-0.034,-15.122,-39.024,-17.805,867.033,0.156,-0.478,0.409,-128.659,37.439,-8.171,78.712,-873,1,1,1,1,1,0,7,10,3,10
2018-07-06T13:03:41.149404,-0.084,-0.027,-0.112,-46.707,-7.561,-24.634,1149.49,0.126,-0.215,0.144,65,12.561,-31.768,4.74,-0.039,-0.012,-0.019,54.695,-2.927,-15.366,1139.495,0.072,-0.083,0.199,-29.634,-25.244,-26.829,867.033,0.156,-0.478,0.409,-105.549,53.841,33.049,78.712,955,1,1,1,1,1,0,7,10,3,10
2018-07-06T13:03:41.199037,-0.744,0.782,-0.075,-75.427,17.744,11.159,1149.49,0.126,-0.215,0.144,59.024,55.732,-14.878,4.74,-0.039,-0.012,-0.019,-41.829,-9.085,-15.244,1139.495,0.014,0.04,-0.11,-12.622,0.488,-23.415,867.033,0.051,-0.314,0.148,-55,24.634,-54.512,78.712,1297,1,1,1,1,1,0,7,10,3,10
2018-07-06T13:03:41.276243,-1.838,0.601,0.19,10.671,34.085,102.866,1149.49,-0.276,-0.882,0.17,115.732,-40.305,56.28,4.74,-0.18,-0.773,-0.42,-27.012,13.537,9.573,1139.495,-0.216,-0.01,-0.17,-5.488,2.805,1.524,867.033,0.086,0.944,-0.492,-4.817,-29.207,-33.72,78.712,600,1,1,1,1,1,0,7,10,3,10
2018-07-06T13:03:41.325375,-1.838,0.601,0.19,47.073,60.366,-58.171,1149.49,0.032,-2.796,1.128,92.012,-153.842,-14.512,4.74,-0.38,-3.071,-0.34,-3.72,-49.695,56.646,1139.495,-0.216,-0.01,-0.17,2.256,27.683,2.5,867.033,0.128,1.539,-0.892,-72.805,-66.28,-111.463,78.712,1224,1,1,1,1,1,0,7,10,3,10
2018-07-06T13:03:41.413611,-1.841,0.278,-0.726,-62.683,-54.878,-7.378,1149.49,0.079,-2.079,0.711,-118.354,16.402,-59.207,4.74,-0.248,-2.431,-0.316,-21.159,1.159,-10.793,1139.495,-1.858,0.127,-1.538,14.329,64.451,17.073,867.033,0.128,1.539,-0.892,-113.781,57.439,26.28,78.712,397,1,1,1,1,1,0,7,10,3,10
2018-07-06T13:03:41.463243,-1.517,0.051,0.031,-23.598,-93.415,-59.329,1149.49,-0.198,-0.129,-0.053,-101.89,-4.756,-12.5,4.74,-0.206,-0.117,-0.376,21.585,6.768,-21.159,1139.495,-2.531,0.342,-2.111,-14.573,-33.11,1.098,867.033,0.128,1.539,-0.892,-142.134,16.524,23.171,78.712,214,1,1,1,1,1,0,7,10,3,10
2018-07-06T13:03:41.515886,-0.106,0.735,0.294,46.707,-6.28,-104.39,1149.49,-0.198,-0.129,-0.053,-82.378,-3.841,-17.561,4.74,-0.206,-0.117,-0.376,46.585,-33.232,-11.098,1139.495,-0.679,0.158,-0.475,-22.073,-47.866,6.463,867.033,0.522,-0.959,0.331,-45.183,14.878,24.512,78.712,137,1,1,1,1,1,0,7,10,3,10
2018-07-06T13:03:41.560004,-0.106,0.735,0.294,4.39,42.744,-6.463,1149.49,0.039,0.022,0.083,-53.293,11.341,21.707,4.74,0.083,0.223,-0.185,-1.037,-30.305,9.512,1139.495,-0.679,0.158,-0.475,-34.634,-46.829,7.5,867.033,0.522,-0.959,0.331,39.146,63.232,52.683,78.712,-2048,1,1,1,1,1,0,7,10,3,10
2018-07-06T13:03:41.604626,-0.02,0.237,-0.177,75.244,13.232,38.963,1149.49,0.039,0.022,0.083,-10.854,-2.683,49.39,4.74,0.083,0.223,-0.185,-7.927,3.963,5.183,1139.495,0.098,-0.11,0.274,-15.854,-31.159,2.988,867.033,0.222,-0.549,0.481,21.463,-45.122,31.463,78.712,-2048,1,1,1,1,1,0,7,10,3,10
2018-07-06T13:03:41.653256,-0.02,0.237,-0.177,17.744,22.622,48.963,1149.49,0.195,-0.141,0.1,75.854,56.646,-25.61,4.74,-0.092,0,-0.067,-12.988,-8.354,-14.39,1139.495,0.098,-0.11,0.274,-13.415,-19.329,-3.963,867.033,0.22,-0.353,0.323,-88.78,26.524,-0.732,78.712,970,1,1,1,1,1,0,7,10,3,10
2018-07-06T13:03:41.697875,-0.333,0.14,-0.156,-95,47.439,59.146,1149.49,-0.146,-0.297,-0.112,88.11,-4.451,13.963,4.74,-0.102,-0.36,-0.239,-41.402,-18.841,-10.732,1139.495,0.013,0.039,-0.072,1.646,3.293,-7.317,867.033,0.22,-0.353,0.323,-45.854,12.683,-29.207,78.712,1061,1,1,1,1,1,0,7,10,3,10
2018-07-06T13:03:41.745001,-0.333,0.14,-0.156,-108.354,37.805,91.829,1149.49,-0.146,-0.297,-0.112,41.22,3.354,43.049,4.74,-0.102,-0.36,-0.239,-4.756,-5.183,-1.402,1139.495,-0.119,0.037,-0.068,-2.073,3.78,0,867.033,0.09,0.858,-0.631,18.171,-15.122,-33.902,78.712,1320,1,1,1,1,1,0,7,10,3,10
2018-07-06T13:03:41.796705,-1.704,0.713,0.16,4.817,6.098,-72.256,1149.49,0.175,-2.956,0.783,65.915,-160.183,-23.049,4.74,-0.286,-2.792,-0.451,-25.549,-20.732,32.622,1139.495,-0.119,0.037,-0.068,6.341,4.878,-1.098,867.033,0.09,0.858,-0.631,24.573,-46.768,-54.146,78.712,657,1,1,1,1,1,0,7,10,3,10
2018-07-06T13:03:41.838818,-2.324,0.154,-0.637,44.512,43.049,-73.415,1149.49,0.175,-2.956,0.783,29.634,-88.049,-5.061,4.74,-0.286,-2.792,-0.451,-47.805,-19.207,24.146,1139.495,-1.437,0.106,-1.058,17.5,34.939,8.232,867.033,-0.719,4.505,-2.392,322.683,7.073,5.854,78.712,-219,1,1,1,1,1,0,7,10,3,10
2018-07-06T13:03:41.900483,-2.324,0.154,-0.637,-34.573,-43.232,23.72,1149.49,0.264,-2.44,0.644,-93.72,5.488,-61.159,4.74,-0.32,-2.723,-0.41,5.976,33.049,-12.805,1139.495,-2.799,0.402,-2.119,8.415,32.195,-11.037,867.033,0.087,1.294,-0.883,-242.378,31.159,48.049,78.712,775,1,1,1,1,1,0,7,10,3,10
2018-07-06T13:03:41.949112,-1.287,0.249,0.099,83.659,-63.598,-147.988,1149.49,-0.32,-0.063,-0.002,-85.488,-42.5,-37.378,4.74,-0.138,-0.045,-0.3,-9.085,3.232,-12.134,1139.495,-2.799,0.402,-2.119,-0.854,-16.098,-12.5,867.033,0.087,1.294,-0.883,-101.829,-24.756,62.256,78.712,276,1,1,1,1,1,0,7,10,3,10
2018-07-06T13:03:41.994233,0.043,0.839,0.201,89.756,-12.927,-102.317,1149.49,-0.32,-0.063,-0.002,-116.829,33.78,3.232,4.74,-0.138,-0.045,-0.3,35.549,-10,9.817,1139.495,-0.771,0.141,-0.529,-7.317,-54.634,-4.695,867.033,0.103,-0.877,0.308,-47.744,-10.183,91.463,78.712,581,1,1,1,1,1,0,7,10,3,10
2018-07-06T13:03:42.043364,0.043,0.839,0.201,92.195,23.598,25.976,1149.49,0.106,0.024,0.287,-70.061,-12.195,26.341,3.792,0.095,0.205,-0.167,-6.768,-26.646,10.61,1109.545,-0.771,0.141,-0.529,-13.049,-48.963,-11.89,973.774,0.103,-0.877,0.308,-53.415,-2.256,88.415,80.188,128,1,1,1,1,1,0,7,10,3,10
2018-07-06T13:03:42.095503,-0.075,0.127,-0.041,96.402,37.378,69.207,1149.49,0.191,-0.122,-0.099,81.463,79.939,15.366,3.792,-0.093,0.002,-0.026,59.268,15.244,3.232,1109.545,0.175,-0.063,0.275,14.329,0.305,-6.341,973.774,0.034,-0.954,0.394,-105.305,43.902,-34.573,80.188,-2048,1,1,1,1,1,0,7,10,3,10
2018-07-06T13:03:42.137115,-0.075,0.127,-0.041,-41.159,34.634,62.622,1149.49,0.191,-0.122,-0.099,69.512,24.39,-18.476,3.792,-0.093,0.002,-0.026,-5.488,26.646,1.037,1109.545,0.023,0.006,-0.091,16.341,-1.463,-3.537,973.774,0.054,-0.378,0.151,22.744,15.305,-129.451,80.188,-1196,1,1,1,1,1,0,7,10,3,10
2018-07-06T13:03:42.181786,-0.615,0.274,-0.076,-74.146,20.854,63.293,1149.49,-0.148,-0.429,-0.035,85.183,28.415,1.037,3.792,-0.135,-0.401,-0.262,-55.976,25.366,-0.061,1109.545,0.023,0.006,-0.091,24.634,15.183,5.244,973.774,0.054,-0.378,0.151,21.341,33.72,-88.232,80.188,-441,1,1,1,1,1,0,7,10,3,10
2018-07-06T13:03:42.229916,-2.276,0.133,0.057,13.293,29.024,14.268,1149.49,-0.148,-0.429,-0.035,65.122,42.012,25.366,3.792,-0.135,-0.401,-0.262,-38.537,42.622,9.817,1109.545,-0.132,-0.09,-0.123,43.049,13.293,11.098,973.774,0.087,0.433,-0.303,23.232,-0.793,-107.5,80.188,151,1,1,1,1,1,0,7,10,3,10
2018-07-06T13:03:42.276039,-2.276,0.133,0.057,9.451,38.293,-62.988,1149.49,0.023,-2.816,1.197,102.256,-148.598,-1.707,3.792,-0.351,-3.014,-0.595,-73.78,18.476,36.768,1109.545,-0.132,-0.09,-0.123,57.744,11.646,12.683,973.774,0.087,0.433,-0.303,4.634,-47.866,-175.976,80.188,1186,1,1,1,1,1,0,7,10,3,10
2018-07-06T13:03:42.323170,-1.746,0.393,-0.544,32.561,22.927,71.402,1149.49,0.252,-2.097,0.926,-28.598,34.634,-36.402,3.792,-0.351,-3.014,-0.595,-6.28,2.683,9.512,1109.545,-1.546,0.002,-1.221,58.476,41.951,31.159,973.774,-1.534,5.824,-2.092,249.634,-65.244,-113.171,80.188,-126,1,1,1,1,1,0,7,10,3,10
2018-07-06T13:03:42.381325,-1.746,0.393,-0.544,-44.146,-45.183,2.134,1149.49,0.252,-2.097,0.926,-185.244,68.11,-55.854,3.792,-0.26,-2.636,-0.44,-8.841,-10.061,-8.232,1109.545,-2.646,0.207,-2.006,33.171,-7.134,29.207,973.774,-0.035,1.412,-0.706,-204.573,33.598,115.671,80.188,1643,1,1,1,1,1,0,7,10,3,10
2018-07-06T13:03:42.431463,-1.341,0.096,0.091,49.817,-64.268,-91.768,1149.49,-0.13,-0.637,0,-138.842,27.012,-0.61,3.792,-0.205,-0.293,-0.436,16.951,-17.317,-11.524,1109.545,-2.646,0.207,-2.006,37.195,-26.585,27.073,973.774,-0.035,1.412,-0.706,-60.976,-55.793,66.402,80.188,866,1,1,1,1,1,0,7,10,3,10
2018-07-06T13:03:42.479592,-0.146,0.679,0.2,41.402,-3.537,-66.037,1149.49,0.029,0.084,-0.069,-64.939,8.11,-3.902,3.792,-0.205,-0.293,-0.436,83.293,-31.707,-4.878,1109.545,-0.973,0.057,-0.707,24.573,-36.159,26.159,973.774,0.329,-0.884,0.401,80.854,-0.854,77.805,80.188,394,1,1,1,1,1,0,7,10,3,10
2018-07-06T13:03:42.527725,-0.146,0.679,0.2,-22.256,47.866,-11.159,1149.49,0.029,0.084,-0.069,-27.622,111.159,47.256,3.792,0.083,0.427,-0.216,-63.902,33.902,9.268,1109.545,-0.973,0.057,-0.707,34.573,-17.317,22.866,973.774,0.329,-0.884,0.401,-9.39,-0.488,59.268,80.188,525,1,1,1,1,1,0,7,10,3,10
2018-07-06T13:03:42.571843,-0.12,0.064,-0.1,35.549,17.256,18.171,1149.49,0.15,-0.159,0.104,15.244,53.537,45.915,3.792,-0.112,-0.069,-0.048,32.683,36.646,-3.11,1109.545,0,-0.044,0.301,21.341,-6.098,-0.244,973.774,0.211,-0.775,0.269,-104.146,-95.793,94.024,80.188,-1948,1,1,1,1,1,0,7,10,3,10
2018-07-06T13:03:42.619973,-0.12,0.064,-0.1,17.134,6.159,20.488,1149.49,0.15,-0.159,0.104,102.012,-17.256,-13.841,3.792,-0.112,-0.069,-0.048,37.683,11.098,-13.78,1109.545,0.022,0,-0.023,16.098,-13.659,-5.793,973.774,0.12,-0.671,0.085,-54.634,27.866,-144.817,80.188,-2048,1,1,1,1,1,0,7,10,3,10
2018-07-06T13:03:42.674118,-0.421,0.339,-0.284,-47.256,39.634,61.707,1149.49,-0.078,-0.25,0.045,96.951,21.098,-5.305,3.792,-0.088,-0.24,-0.272,-71.646,10.244,-7.134,1109.545,0.022,0,-0.023,5.732,8.659,-7.073,973.774,0.12,-0.671,0.085,79.939,-33.354,-79.512,80.188,562,1,1,1,1,1,0,7,10,3,10
2018-07-06T13:03:42.773885,-1.72,0.67,0.356,16.646,20.366,-32.561,1149.49,-0.085,-1.833,0.884,109.085,-106.585,-4.512,3.792,-0.236,-2.294,-0.41,18.902,-34.024,37.622,1109.545,-0.867,0.095,-0.882,-9.207,30.793,21.89,973.774,0.112,0.17,-0.166,52.134,-56.402,-146.646,80.188,1260,1,1,1,1,1,0,7,10,3,10
2018-07-06T13:03:42.823517,-1.634,0.299,-0.663,101.585,66.829,-11.646,1149.49,0.078,-2.239,1.343,72.927,56.768,30.732,3.792,-0.457,-2.931,-0.419,50.793,80.488,-18.354,1109.545,-0.867,0.095,-0.882,6.89,73.902,24.939,973.774,-1.591,5.299,-1.726,138.171,20.549,76.28,80.188,1064,1,1,1,1,1,0,7,10,3,10
2018-07-06T13:03:42.870643,-1.634,0.299,-0.663,-1.098,-7.195,20.244,1149.49,0.078,-2.239,1.343,-94.451,89.39,-43.902,3.792,-0.457,-2.931,-0.419,-8.11,1.28,-7.805,1109.545,-2.314,0.212,-2.28,16.768,53.659,0.061,973.774,-0.589,2.3,-0.959,-111.524,63.78,116.951,80.188,136,1,1,1,1,1,0,7,10,3,10
2018-07-06T13:03:42.917770,-1.632,0.229,-0.211,-5.488,-90.244,-89.329,1149.49,-0.106,-1.559,0.496,-166.037,-1.28,-17.622,3.792,-0.238,-1.363,-0.463,-28.78,-25.793,-20.793,1109.545,-2.314,0.212,-2.28,20.549,4.329,21.646,973.774,-0.589,2.3,-0.959,50.793,7.317,78.354,80.188,1205,1,1,1,1,1,0,7,10,3,10
2018-07-06T13:03:42.963893,-0.624,0.526,0.353,28.963,-57.439,-127.622,1149.49,-0.04,0.134,-0.186,-102.561,-17.439,-1.707,3.792,-0.014,0.575,-0.337,109.451,-50.671,-2.866,1109.545,-1.789,0.257,-1.567,4.878,-34.146,22.988,973.774,0.416,-0.492,0.228,49.878,3.72,7.134,80.188,283,1,1,1,1,1,0,7,10,3,10
2018-07-06T13:03:43.020042,-0.624,0.526,0.353,12.073,7.561,-85.793,1157.567,-0.04,0.134,-0.186,-33.476,-9.451,-8.841,3.792,-0.014,0.575,-0.337,24.207,-37.317,27.988,1109.545,-0.12,0.039,0.182,-13.232,-51.28,2.744,973.774,0.182,-0.697,0.4,11.829,-20.915,60.854,80.188,-173,1,1,1,1,1,0,7,10,3,10
2018-07-06T13:03:43.060150,-0.008,0.293,-0.005,7.866,29.878,-1.524,1157.567,0.075,-0.162,0.086,-52.622,55.61,42.805,3.792,0.029,-0.086,-0.01,-50.671,18.476,15.915,1109.545,-0.12,0.039,0.182,6.28,-17.012,-9.512,973.774,0.182,-0.697,0.4,-30.976,-51.951,52.683,80.188,546,1,1,1,1,1,0,7,10,3,10
2018-07-06T13:03:43.104311,-0.008,0.293,-0.005,27.866,-5.488,23.354,1157.567,0.075,-0.162,0.086,22.378,-40.427,38.598,3.792,0.029,-0.086,-0.01,59.939,27.073,-2.5,1109.545,0.039,-0.025,0.094,12.134,-10.976,-23.659,973.774,0.124,-0.72,0.306,-138.781,75.183,53.354,80.188,-2048,1,1,1,1,1,0,7,10,3,10
2018-07-06T13:03:43.152440,-0.248,-0.004,-0.142,-30.732,6.829,23.232,1157.567,0.154,-0.176,0.114,74.268,96.768,-20.122,3.792,-0.127,-0.031,-0.177,4.695,33.598,-7.5,1109.545,0.039,-0.025,0.094,-10.061,-9.268,-48.841,973.774,0.124,-0.72,0.306,-6.28,44.756,-71.829,80.188,-2048,1,1,1,1,1,0,7,10,3,10
2018-07-06T13:03:43.199065,-1.42,0.749,0.206,-25.915,36.402,125.122,1157.567,-0.337,-0.83,0.239,108.598,1.28,18.598,3.792,-0.127,-0.031,-0.177,-53.171,18.232,-7.683,1109.545,-0.004,0,-0.088,-25.976,2.561,-35.915,973.774,0.119,-0.18,0.139,60.549,-30.793,-93.659,80.188,-466,1,1,1,1,1,0,7,10,3,10
2018-07-06T13:03:43.245188,-1.42,0.749,0.206,9.756,22.256,62.195,1157.567,-0.337,-0.83,0.239,90.488,-48.78,23.598,3.792,-0.362,-1.352,-0.442,-20.732,-29.085,41.951,1109.545,-0.004,0,-0.088,5.61,-1.585,-2.5,973.774,0.119,-0.18,0.139,-30.976,-7.378,-91.037,80.188,1291,1,1,1,1,1,0,7,10,3,10
2018-07-06T13:03:43.298330,-2.019,0.199,-0.454,18.415,50.732,-51.159,1157.567,0.277,-2.748,1.226,98.476,-133.963,10.61,3.792,-0.291,-3.19,-0.388,-4.146,-40.305,11.829,1109.545,-0.339,0.035,-0.313,-11.707,21.646,19.695,973.774,-1.295,3.223,-1.453,236.951,-102.439,-119.695,80.188,1140,1,1,1,1,1,0,7,10,3,10
2018-07-06T13:03:43.340442,-2.019,0.199,-0.454,24.512,19.939,49.451,1157.567,0.277,-2.748,1.226,75.183,-36.89,24.878,3.792,-0.291,-3.19,-0.388,-12.683,16.829,-27.683,1109.545,-2.206,0.139,-1.737,-10.915,64.329,26.22,973.774,-1.353,4.029,-1.673,77.012,24.939,10.244,80.188,1184,1,1,1,1,1,0,7,10,3,10
2018-07-06T13:03:43.401104,-1.56,0.283,-0.317,-45.244,-98.171,-126.281,1157.567,0.026,-1.832,0.559,-186.585,-15.793,-35.244,3.792,-0.271,-1.627,-0.379,-1.463,-23.841,-24.695,1109.545,-2.206,0.139,-1.737,-11.89,10,-6.89,973.774,-1.353,4.029,-1.673,-147.439,53.659,67.927,80.188,887,1,1,1,1,1,0,7,10,3,10
2018-07-06T13:03:43.449735,-0.807,0.716,0.271,41.646,-65.488,-145.61,1157.567,-0.097,-0.11,-0.011,-168.72,21.28,15.854,3.792,0.007,0.351,-0.289,35,-35.183,-12.195,1109.545,-2.169,0.305,-1.886,-23.171,-20.244,4.146,973.774,0.555,-0.517,-0.055,-61.28,-30.732,35.122,80.188,-189,1,1,1,1,1,0,7,10,3,10
2018-07-06T13:03:43.495360,-0.807,0.716,0.271,-5.732,-11.768,-94.085,1157.567,-0.097,-0.11,-0.011,-109.939,-29.207,11.646,3.792,0.007,0.351,-0.289,78.598,-39.573,11.524,1109.545,-0.244,0.056,-0.121,-33.293,-32.927,-8.232,973.774,0.555,-0.517,-0.055,59.024,88.049,38.11,80.188,903,1,1,1,1,1,0,7,10,3,10
2018-07-06T13:03:43.540481,0.068,0.508,-0.119,-18.049,40.976,27.317,1157.567,0.021,-0.125,0.409,-56.524,21.707,25.854,3.792,0.002,-0.074,-0.04,-63.11,5.122,1.585,1109.545,-0.244,0.056,-0.121,-21.341,-6.037,-19.634,973.774,0.267,-0.841,0.404,26.402,30.549,26.22,80.188,217,1,1,1,1,1,0,7,10,3,10
2018-07-06T13:03:43.598643,-0.356,-0.229,-0.045,-70.305,60.854,107.012,1157.567,0.096,-0.07,-0.175,84.268,30.244,13.232,3.792,0.002,-0.074,-0.04,51.22,2.5,-19.573,1109.545,0.13,-0.039,0.111,-12.927,10.549,-31.341,973.774,0.182,-0.38,0.37,-26.89,36.159,-4.024,80.188,513,1,1,1,1,1,0,7,10,3,10
2018-07-06T13:03:43.668332,-0.356,-0.229,-0.045,-77.927,46.28,92.195,1157.567,-0.111,-0.645,0.039,76.89,11.89,25.488,3.792,-0.107,0.053,-0.078,-51.463,13.902,-3.659,1109.545,-0.015,0.038,-0.087,-5.671,5.671,-24.817,973.774,0.205,-0.319,0.134,-28.841,28.049,-35.122,80.188,-1252,1,1,1,1,1,0,7,10,3,10
2018-07-06T13:03:43.713956,-1.468,0.45,0.336,-17.317,36.22,102.927,1157.567,-0.111,-0.645,0.039,77.988,-37.988,17.195,3.792,-0.305,-1.241,-0.562,-50.976,16.159,-0.122,1109.545,-0.015,0.038,-0.087,-4.085,10.122,-7.561,973.774,0.205,-0.319,0.134,5.61,-15.183,-59.756,80.188,-2048,1,1,1,1,1,0,7,10,3,10
2018-07-06T13:03:43.762589,-1.875,0.363,-0.489,45.976,35.122,-42.317,1157.567,0.08,-2.74,1.181,145.183,-108.415,1.646,3.792,-0.283,-3.187,-0.316,-4.024,-34.695,32.561,1109.545,-0.424,-0.056,-0.175,9.085,-4.817,-15.366,973.774,-0.69,3.437,-1.605,-42.256,-22.561,-143.902,80.188,-305,1,1,1,1,1,0,7,10,3,10
2018-07-06T13:03:43.808214,-1.875,0.363,-0.489,72.561,17.073,12.195,1157.567,0.08,-2.74,1.181,113.537,-73.537,4.268,3.792,-0.283,-3.187,-0.316,6.463,27.195,-7.5,1109.545,-2.105,-0.032,-1.574,-12.378,61.829,-22.561,973.774,-0.69,3.437,-1.605,221.707,7.195,-91.89,80.188,1275,1,1,1,1,1,0,7,10,3,10
2018-07-06T13:03:43.855339,-1.587,0.281,-0.188,-66.585,-78.902,-36.89,1157.567,-0.123,-2.052,0.884,-99.085,86.098,-64.634,3.792,-0.28,-1.904,-0.374,-35.915,22.073,-9.146,1109.545,-2.105,-0.032,-1.574,-41.28,36.402,-13.415,973.774,-1.423,3.88,-1.889,94.268,75.061,73.537,80.188,1030,1,1,1,1,1,0,7,10,3,10
2018-07-06T13:03:43.913499,-1.587,0.281,-0.188,-34.756,-74.024,-86.646,1157.567,-0.144,-0.291,0.037,-133.902,3.963,-1.037,3.792,-0.28,-1.904,-0.374,-15.122,2.439,-17.439,1109.545,-2.385,0.021,-1.895,6.341,-24.329,-2.012,973.774,0.458,-0.794,-0.013,-46.524,-82.439,82.317,80.188,1256,1,1,1,1,1,0,7,10,3,10
2018-07-06T13:03:43.965247,-0.885,0.511,0.363,25.183,-15.122,-104.573,1157.567,-0.144,-0.291,0.037,-80.976,-48.902,-5.732,3.792,-0.145,0.391,-0.38,58.415,-63.78,-3.293,1109.545,-0.448,0.027,-0.218,-4.268,-69.085,13.11,973.774,0.458,-0.794,-0.013,127.561,3.72,123.232,80.188,11,1,1,1,1,1,0,7,10,3,10
2018-07-06T13:03:44.010367,0.049,0.555,-0.011,-8.841,19.329,-12.256,1157.567,0.038,-0.102,0.021,-55.732,-18.476,-8.11,3.792,0.146,-0.018,-0.1,-89.939,-19.512,1.89,1109.545,-0.448,0.027,-0.218,-2.5,-24.939,17.622,973.774,0.175,-0.822,0.579,16.768,-78.659,76.768,80.188,1187,1,1,1,1,1,0,7,10,3,10
2018-07-06T13:03:44.060000,0.049,0.555,-0.011,21.098,13.78,57.317,1157.567,0.151,-0.059,0.202,91.829,-42.683,43.171,3.792,0.146,-0.018,-0.1,-49.268,17.317,-0.488,1109.545,0.122,0.036,0.24,-2.195,10.183,15.488,973.774,-0.785,3.56,-1.502,-150.732,42.683,-5.732,80.188,274,1,1,1,1,1,0,7,10,3,10
2018-07-06T13:03:44.274579,-1.996,0.239,-0.336,5.915,44.451,-60.915,1157.567,-0.146,-2.662,1.133,118.598,-74.573,63.537,3.792,-0.315,-3.123,-0.502,19.207,-21.89,50,1109.545,-0.098,-0.014,-0.255,13.11,33.78,4.512,973.774,-0.785,3.56,-1.502,260.244,-23.354,-21.585,80.188,566,1,1,1,1,1,0,7,10,3,10
2018-07-06T13:03:44.324718,-1.736,0.277,-0.367,-40,-37.988,-34.207,1157.567,0.134,-2.137,0.978,-29.451,36.646,-32.683,3.792,-0.315,-2.011,-0.426,4.024,20,-5.122,1109.545,-1.745,-0.047,-1.558,-13.963,73.841,-4.573,973.774,-1.089,3.584,-1.596,-6.402,104.634,48.11,80.188,-1549,1,1,1,1,1,0,7,10,3,10
2018-07-06T13:03:44.383876,-1.736,0.277,-0.367,-50.61,-83.476,-72.561,1157.567,-0.101,-0.703,0.156,-161.342,-2.195,-40.671,3.792,-0.315,-2.011,-0.426,-35.976,5.549,-11.402,1109.545,-2.475,0.231,-2.332,-8.902,6.159,8.537,973.774,0.216,-0.176,-0.139,1.768,-8.902,60.732,80.188,-2048,1,1,1,1,1,0,7,10,3,10
2018-07-06T13:03:44.433009,-0.921,0.42,0.295,55.122,-76.402,-127.256,1157.567,-0.101,-0.703,0.156,-101.098,-67.561,-30.854,3.792,-0.105,0.106,-0.369,-5,-16.89,-28.902,1109.545,-2.475,0.231,-2.332,-34.817,-37.5,17.134,973.774,0.216,-0.176,-0.139,48.354,-8.659,63.659,80.188,-120,1,1,1,1,1,0,7,10,3,10
2018-07-06T13:03:44.479634,-0.921,0.42,0.295,57.561,-21.098,-116.342,1157.567,-0.043,0.089,-0.023,-67.317,-54.817,-21.768,3.792,-0.105,0.106,-0.369,85.183,-44.024,-6.22,1109.545,-0.677,0.105,-0.485,-39.695,-72.866,10.122,973.774,0.023,-0.75,0.468,83.72,29.085,129.573,80.188,1309,1,1,1,1,1,0,7,10,3,10
2018-07-06T13:03:44.528264,0.125,0.644,0.061,17.439,32.256,57.317,1157.567,-0.043,0.089,-0.023,-65.366,83.354,35.305,3.792,0.108,0.192,-0.207,-60.427,16.159,4.268,1109.545,0.088,0.02,0.415,-18.902,-39.878,11.646,973.774,0.023,-0.75,0.468,27.256,-62.073,46.22,80.188,1865,1,1,1,1,1,0,7,10,3,10
2018-07-06T13:03:44.573010,-0.305,-0.043,-0.062,-41.402,35.549,83.78,1157.567,0.166,-0.222,0.157,135.427,-42.683,38.476,3.792,-0.054,-0.024,-0.04,66.585,18.354,-10.244,1109.545,0.088,0.02,0.415,3.78,-16.28,1.951,973.774,0.151,-0.548,0.397,-29.756,-27.317,32.195,80.188,1146,1,1,1,1,1,0,7,10,3,10
2018-07-06T13:03:44.620135,-0.305,-0.043,-0.062,-112.317,51.707,82.256,1157.567,0.008,-0.071,-0.072,95.671,54.39,10.61,3.792,-0.054,-0.024,-0.04,14.024,21.585,-5.488,1109.545,0.01,0.045,-0.029,8.354,-29.39,-14.695,973.774,0.151,-0.548,0.397,-24.939,79.207,-21.646,80.188,-785,1,1,1,1,1,0,7,10,3,10
2018-07-06T13:03:44.673278,-0.978,0.495,0.084,-48.78,21.951,96.341,1157.567,0.008,-0.071,-0.072,102.073,-0.976,11.524,3.792,-0.267,-0.707,-0.278,-53.598,24.451,7.5,1109.545,0.01,0.045,-0.029,-7.256,-7.317,-10.61,973.774,0.069,-0.208,0.267,13.841,1.28,-53.232,80.188,-323,1,1,1,1,1,0,7,10,3,10
2018-07-06T13:03:44.714387,-0.978,0.495,0.084,5.915,9.634,126.463,1157.567,-0.422,-2.269,1.003,79.329,-45.671,0.488,3.792,-0.267,-0.707,-0.278,-41.829,1.646,30.061,1109.545,-0.012,0.001,-0.177,13.537,5.122,-6.28,973.774,-0.397,2.518,-1.602,-15.854,-34.634,-92.927,80.188,1193,1,1,1,1,1,0,7,10,3,10
2018-07-06T13:03:44.761014,-2.274,0.292,-0.376,17.012,51.159,-75.915,1157.567,-0.422,-2.269,1.003,54.085,-20.183,39.39,3.792,-0.606,-3.481,-0.563,41.89,-1.524,-18.902,1109.545,-1.65,0.106,-1.187,22.317,51.402,5.061,973.774,-0.397,2.518,-1.602,258.598,-30.61,-96.768,80.188,404,1,1,1,1,1,0,7,10,3,10
2018-07-06T13:03:44.809143,-1.905,0.112,-0.327,-56.524,-54.878,0.549,1157.567,0.281,-2.707,0.998,-149.512,26.585,-107.012,3.792,-0.193,-1.966,-0.439,44.817,-6.341,-30.305,1109.545,-1.65,0.106,-1.187,5.549,63.11,-23.537,973.774,-0.813,3.793,-2.569,350.183,14.39,-11.402,80.188,282,1,1,1,1,1,0,7,10,3,10
2018-07-06T13:03:44.854767,-1.905,0.112,-0.327,-6.585,-108.232,-94.146,1157.567,-0.151,-0.578,0.015,-110.793,-52.622,-64.451,3.792,-0.193,-1.966,-0.439,-23.171,8.659,-24.329,1109.545,-2.897,0.187,-2.209,-9.573,31.585,-31.463,973.774,-0.813,3.793,-2.569,-148.963,35.915,17.805,80.188,297,1,1,1,1,1,0,7,10,3,10
2018-07-06T13:03:44.900890,-0.534,0.585,0.366,98.537,-55.122,-139.329,1157.567,-0.151,-0.578,0.015,-91.89,-15.183,-12.134,3.792,-0.099,0.409,-0.37,21.159,-2.134,-13.354,1109.545,-2.897,0.187,-2.209,-9.878,-27.317,-17.317,973.774,0.494,-0.608,-0.602,-257.134,-26.768,51.951,80.188,-2048,1,1,1,1,1,0,7,10,3,10
2018-07-06T13:03:44.959046,-0.534,0.585,0.366,70.793,5.854,-91.951,1157.567,-0.075,0.116,0.01,-76.89,26.951,-5.915,3.792,0.063,-0.039,-0.222,-73.841,-21.951,9.329,1109.545,-0.569,0.081,-0.366,-56.585,-60.915,-15.305,973.774,0.105,-0.749,0.368,28.232,129.268,-47.866,80.188,-1057,1,1,1,1,1,0,7,10,3,10
2018-07-06T13:03:45.011185,0.141,0.345,0.081,66.037,8.232,36.768,1157.567,-0.075,0.116,0.01,64.939,-25.366,20.244,3.792,0.063,-0.039,-0.222,10.305,5.793,-2.439,1109.545,0.091,-0.059,0.395,-17.927,-21.159,-10.305,973.774,0.105,-0.749,0.368,-63.11,-187.378,-6.402,80.188,691,1,1,1,1,1,0,7,10,3,10
